identifiant,genre,date_naissance,region,departement,diplome,csp,revenu_mensuel,vaccination,confinement_respect,precaution,risque_declare,risque_jeu,patience,cooperation,comportement
bm9mqmro,0,1976,7,91,8,3,3,2,10,4,5,60,4,12,57.804
4qupd67g,1,1983,0,69,8,3,3,0,9,4,7,32,7,10,45
4c438wf5,1,1950,0,38,8,7,6,2,8,1,8,32,5,12,57.804
do39z85u,0,1974,7,94,6,3,6,2,9,4,3,11,0,8,57.411
mtvfk8gw,0,1977,8,14,8,3,3,2,10,4,3,30,7,10,57.804
u92obitu,1,1963,0,03,6,7,1,2,6,4,2,40,5,0,80.362
56dd2iu2,1,1966,10,81,3,3,4,2,9,4,7,24,3,4,81.469
8tie55vt,0,1990,7,77,5,3,1,2,8,4,6,32,3,10,54.856
zaiilxyk,1,1995,7,78,7,4,6,2,7,2,7,10,9,20,54.856
9q5vnzub,1,1958,1,89,3,7,2,2,10,4,4,40,2,0,54.856
rpdzkjx2,0,1984,5,08,6,2,2,0,8,3,6,22,7,10,76.809
mdwus8pg,1,1954,2,56,5,7,5,2,8,5,8,40,8,20,57.804
bp568enw,1,1980,1,71,5,4,3,2,10,4,6,20,2,0,56.766
jvv6iafs,0,1949,9,24,5,7,2,2,8,4,3,20,5,12,61.245
v0xer60n,1,1978,5,0,5,4,3,2,8,4,7,10,2,10,51.342
sfwwvt2j,0,1957,5,57,7,7,3,2,8,4,5,35,5,0,60.343
9k209k0w,0,1979,10,34,8,3,4,2,9,4,1,48,1,10,67.48
ba984ypc,0,1943,7,78,8,7,7,2,8,3,3,1,8,0,66.036
mkewywis,0,1949,10,82,6,7,1,2,10,5,5,16,5,10,60.469
x2m1sewe,1,1961,7,95,5,3,2,2,9,5,0,50,9,20,73.711
qiysvedz,1,1982,3,18,5,5,3,1,7,4,0,14,4,0,54.856
ycrr8r1m,0,1961,0,74,5,7,3,2,9,3,3,27,4,10,54.856
wd7wk5ig,2,1982,0,38,0,8,1,2,8,5,9,1,8,20,57.804
evol0mjo,0,1987,5,68,8,3,10,2,10,4,6,32,7,0,57.804
c0lalfsy,1,1976,10,30,5,2,2,2,4,4,7,32,9,20,54.856
2alo5vgi,0,1968,10,65,6,4,2,2,8,4,7,32,10,10,57.804
gkkw5in2,1,1951,7,92,8,7,0,2,9,5,6,10,8,10,49.485
5wt0k2fv,1,1959,5,51,0,7,1,2,10,4,5,48,3,20,55.944
bagjg04c,1,1951,9,0,0,7,0,2,10,5,0,3,10,0,56.977
dwfan809,0,1951,8,14,6,3,1,2,8,4,7,54,8,20,54.856
7id4z56p,1,1953,12,04,0,7,0,0,6,5,5,20,7,20,45
4xj7zzli,1,1989,12,83,2,6,2,2,8,3,5,5,9,0,33.234
k0vjqkd2,0,1981,8,61,8,3,-1,2,9,4,0,32,5,20,54.856
oryza61i,0,1961,7,93,7,3,4,2,9,4,5,20,10,10,67.618
l2wax1a7,1,1976,10,31,9,3,7,2,9,4,5,32,8,10,54.856
956lvzm0,0,2001,8,14,4,8,4,2,8,4,5,32,3,0,56.766
2p619fd8,0,1970,7,94,5,3,3,2,10,5,0,10,10,0,80.362
q2upr5s9,1,1982,12,13,8,3,2,0,0,3,7,39,8,20,54.856
2eyqaznw,0,1975,0,74,2,4,1,2,8,3,5,7,5,0,45
el7azbxj,0,1998,10,34,6,8,1,2,10,5,1,64,0,20,23.964
xnrd9oaa,1,1973,9,86,3,4,2,2,7,5,3,40,5,10,57.804
tc3vfo0l,0,1952,12,13,2,7,2,2,9,4,0,30,6,10,79.605
i0ptvjhj,1,1950,11,44,2,7,1,0,8,4,2,4,6,0,56.977
ih8ugcdm,1,1975,5,57,8,5,7,2,8,4,8,25,10,20,56.766
0fyuqyo0,1,1985,0,74,3,4,3,0,5,3,8,32,6,20,54.856
6d4ys1mu,2,1998,7,75,8,8,0,1,9,4,4,23,3,14,54.856
gt6mnc0v,0,1982,0,69,7,3,4,2,9,5,5,1,5,10,57.804
4j8lcwdk,0,1980,2,35,3,5,2,1,7,3,5,7,4,2,54.856
ncz09if2,1,1960,7,78,8,3,7,2,9,4,6,32,3,10,45
3giva0bd,0,1950,10,66,5,7,2,2,9,5,3,9,5,0,57.804
g96kobtk,0,1963,10,81,3,2,0,1,10,3,5,26,3,6,79.082
xsfgru0b,1,1968,10,82,3,4,1,2,7,4,6,2,7,0,80.362
nv7ycg8u,1,1952,10,09,8,7,6,2,9,5,7,32,3,10,45
ej8vaang,0,1954,12,13,8,7,7,2,8,4,8,52,2,10,82.349
fl8uvtm1,1,1954,9,40,8,7,1,0,9,4,6,32,8,4,57.804
0m7hlmp7,0,1997,7,75,8,3,2,2,8,4,5,32,8,20,57.804
kznsdevf,0,1995,5,52,5,4,3,1,8,4,3,20,6,0,65.433
nbqb9gpp,0,1982,0,63,5,4,2,2,5,5,9,64,9,20,54.856
62tgnr2s,0,1990,9,40,5,4,3,2,7,5,7,41,8,20,61.651
5ewnff1t,1,1961,5,57,6,7,11,2,9,4,3,40,5,20,56.766
bwstymwm,0,1955,5,55,2,7,2,2,8,5,5,5,3,0,74.395
c1qdt560,1,1988,12,13,4,4,4,2,8,5,3,32,2,14,57.804
069hmlyt,1,1971,12,84,8,3,4,2,8,5,5,20,5,10,54.856
ailb18p2,1,1952,0,73,7,5,0,2,10,5,7,37,5,20,75.912
blua57or,1,1971,10,30,3,4,3,2,2,2,5,7,8,10,54.856
35fo2mtd,0,1961,2,35,2,5,2,2,5,4,5,8,8,20,45
mjvaavcb,0,1979,6,60,4,3,2,2,10,2,5,64,5,0,45
9x2qf5ku,0,1975,0,26,5,4,3,2,10,5,4,32,6,0,65.376
p2fo11oq,0,1984,12,13,8,3,3,0,10,5,0,40,10,0,80.362
vjae6s5h,0,1959,5,54,2,8,2,1,10,5,6,58,9,2,54.856
9h0zrej4,1,1949,3,28,2,7,1,2,10,5,0,22,2,4,45
g9985t9w,1,1952,1,89,9,7,9,2,9,4,8,1,4,0,56.977
c38qfjm6,1,1962,11,44,2,5,5,2,6,4,4,5,7,8,59.547
yp2dftbe,0,1967,10,30,5,4,1,2,9,5,3,32,9,0,54.856
meltwgp3,0,1965,0,01,9,4,4,2,9,4,2,52,6,10,52.261
14um13p6,1,1954,8,76,8,7,-1,0,1,1,9,2,9,0,80.362
j0cy6ddq,0,1968,0,69,8,4,2,2,5,3,4,37,8,10,51.789
wc1b9930,0,1967,7,75,7,4,4,2,9,3,5,22,2,10,54.856
25swwixm,0,1948,12,13,3,7,0,2,8,4,0,1,8,0,63.134
9mffs8sh,1,1952,7,92,3,7,4,2,7,4,5,8,5,20,58.515
39cwknpe,0,1971,8,76,5,5,1,2,5,4,7,32,5,0,57.804
yyv592m2,0,1962,5,67,2,8,-1,2,10,5,2,25,8,0,57.804
x99lnvld,0,1973,5,57,5,4,3,0,7,5,3,40,5,0,74.197
twuwj2hd,0,1976,9,17,5,5,2,2,9,4,8,28,1,8,59.559
fi193gj4,1,1960,11,49,9,3,2,2,8,3,6,30,3,10,58.207
q42jueps,0,1989,5,51,6,4,3,2,8,5,5,32,5,10,49.429
rwnkrae0,0,1978,5,68,2,5,1,0,7,4,8,40,10,10,45
8237c403,1,1964,6,60,2,7,1,2,8,4,3,36,6,10,57.804
mzqabnw9,0,1966,4,2B,6,3,1,0,5,2,7,55,2,20,57.804
qbx58rd9,1,1999,7,92,5,8,1,2,7,4,9,20,9,20,50.971
xotvjpk3,1,1958,12,84,8,7,3,2,9,5,6,36,7,8,66.304
wfw1dh78,0,1947,10,11,7,7,5,2,5,3,3,4,3,0,56.977
epre7j5h,1,1990,1,21,6,3,5,2,8,5,7,10,3,20,57.804
ufr4bfhj,1,1995,6,59,3,6,1,1,6,4,8,64,8,20,66.249
4p1fmg34,1,1954,5,68,8,7,-1,2,9,4,0,2,10,10,55.126
qaoq3bnd,1,1978,0,26,7,4,4,2,9,4,2,32,5,10,57.804
n613q57p,0,1957,0,26,3,7,-1,2,10,4,2,6,10,0,54.856
opxdsi44,0,1964,0,26,6,3,2,0,5,4,8,28,10,20,69.183
wammkbnj,0,1993,7,78,9,4,4,1,7,5,5,50,8,20,80.789
32lzedef,0,1951,9,40,2,7,2,2,10,4,0,13,8,0,56.977
6qvwpyw8,1,1978,7,91,9,4,4,2,8,4,7,32,10,20,23.964
cbcqpbqf,1,1956,6,59,1,7,1,2,10,5,0,1,7,0,57.804
d9mf4jhb,0,1984,8,76,8,4,4,2,10,4,4,45,2,8,54.856
feq2jn11,0,1955,11,44,3,7,4,2,10,5,2,20,2,0,54.856
aferfg5g,1,1969,0,38,5,3,6,2,10,5,7,30,8,20,57.804
msf83a3k,1,1962,5,57,4,3,5,2,10,2,5,50,0,20,54.856
yjypbasc,0,1987,9,87,6,4,3,2,9,5,3,30,5,20,57.804
im4g8n0w,1,1985,6,59,3,2,4,2,9,4,2,40,3,6,54.856
36xowhp3,1,1950,9,33,5,7,4,2,9,4,7,32,6,16,45
dnimbwtv,1,1948,6,62,2,7,2,2,8,5,10,10,5,10,77.381
6rp659kl,0,1987,0,69,8,3,6,2,8,4,4,32,5,6,54.856
6pf036k0,1,1954,11,85,2,7,2,1,8,4,9,32,3,20,62.296
vtumc86y,1,1981,10,31,8,3,5,2,3,3,2,32,5,0,45
rm1oj1ls,0,1995,12,06,8,3,2,1,5,5,2,32,7,10,45
shbtfoje,1,1965,6,59,6,3,4,2,8,4,4,20,0,0,71.635
jl2drpb5,0,1995,12,13,8,5,2,2,6,4,6,25,4,6,57.804
5sljc20f,0,1949,9,86,5,7,11,2,10,5,8,50,7,20,56.977
0389cwbr,1,2001,7,93,5,8,2,1,8,4,7,1,8,10,60.597
ld76eoxm,1,1985,6,59,4,5,1,2,10,5,8,14,7,20,33.234
dopxfxuh,0,1989,5,51,9,3,3,1,9,3,7,50,5,10,45
slodgkpq,0,1972,6,59,5,5,3,2,10,4,3,50,8,10,57.804
5l5y6y9n,0,1993,12,13,8,3,1,0,10,4,6,20,10,20,67.48
c0b4u2tc,1,1953,2,29,3,7,3,2,7,4,5,48,7,10,57.804
enajsxnb,1,1976,6,59,8,3,6,2,7,4,6,36,4,20,60.255
p7m4klnm,0,1966,7,91,5,4,4,2,8,3,4,60,4,10,63.186
b1r7sr7k,0,1945,7,92,5,7,1,2,8,5,6,16,4,10,54.856
8wpo6opj,1,1950,10,32,3,7,3,2,7,3,4,2,7,12,58.391
13r9s5q4,0,1960,10,46,3,6,2,2,9,5,5,45,7,20,54.856
aw7lzhtz,1,1945,0,69,1,7,1,1,9,5,8,50,3,10,82.349
ervfzmd7,0,1974,5,54,8,4,3,2,8,5,4,32,10,20,72.463
r2vwt1db,0,1967,12,83,8,3,3,2,8,4,5,52,8,2,74.395
tkpcyxl1,0,1961,11,85,3,7,3,2,9,5,6,17,6,10,55.417
1hiddqak,0,1990,0,38,2,5,2,2,10,2,6,32,5,0,80.362
casko354,1,1987,9,33,8,3,5,2,7,5,7,10,4,10,66.173
tonmuv39,1,1954,11,85,7,7,5,2,7,3,5,40,8,12,57.829
0cgm4mu5,0,1946,4,75,8,7,4,2,6,3,4,41,8,20,60.469
ylhv8c5d,0,1958,7,92,9,7,5,2,10,5,4,40,4,10,62.296
5b0h7f2m,0,1950,5,54,1,7,2,2,7,4,5,1,6,0,54.856
ip1u6hcw,1,1983,10,48,8,4,3,2,9,4,0,32,10,0,57.804
jg7uod24,1,1986,10,30,8,3,4,1,7,4,8,22,3,20,57.804
ipvn2wng,0,1953,10,11,6,7,3,2,9,3,6,50,9,14,57.804
rzja7k0g,0,1973,5,67,8,4,4,2,10,4,5,40,8,20,57.804
odi1lc7a,1,1956,11,49,5,7,3,2,9,5,4,20,3,10,55.126
w12miw7w,0,1978,5,68,9,3,-1,2,9,4,4,32,5,6,63.186
yslwyn67,0,1959,1,70,9,8,4,1,10,5,10,24,10,20,80.362
54q9t3ph,1,1941,12,06,8,7,10,2,8,5,7,10,7,20,80.362
xcszbljq,1,1944,0,15,9,7,5,2,9,5,0,7,10,0,45
4wsyjqcb,0,1972,10,34,7,5,6,2,4,4,4,13,8,20,69.763
koawglaw,1,1941,6,59,3,7,4,2,9,5,0,30,4,20,54.856
77p7h675,1,1936,12,06,8,7,4,2,8,1,7,32,5,0,80.362
sw0zfcah,1,1945,10,81,7,7,-1,1,4,5,0,1,0,0,56.977
bvt5zy74,1,1944,9,40,3,7,2,2,8,5,4,20,7,10,72.463
6iybjrx7,1,1950,1,21,8,7,4,2,9,4,6,22,4,0,57.804
vzo7ojar,1,1949,12,13,9,7,8,2,5,1,7,24,8,4,54.856
qyy2eh7x,1,1947,10,09,7,7,4,1,8,5,3,16,3,10,54.856
8sbllm0f,1,1963,0,42,6,4,4,2,10,5,6,2,10,0,70.642
1kcv0n9r,0,1942,10,34,0,7,2,2,9,4,3,1,2,2,56.977
30uf1yhp,0,1961,7,91,2,5,1,2,10,5,5,2,8,2,43.975
6mcuteru,1,1947,12,84,1,7,1,1,8,4,9,64,9,0,56.977
yg29ey3c,1,1961,6,80,7,3,5,2,10,5,8,39,2,20,82.349
4gw8nb13,1,1955,7,78,6,7,4,2,9,2,3,20,8,20,56.766
tkd8iqv5,1,1980,9,33,8,3,9,2,9,4,7,34,9,20,57.804
73lpmjxe,0,1947,7,91,6,7,2,2,8,5,5,48,4,16,54.856
0xgm4frf,0,1953,9,33,5,7,2,0,6,2,7,60,5,8,75.379
pbpv2df9,1,1956,1,21,9,7,4,2,8,4,3,12,2,12,54.856
nfyh07l4,1,1959,5,51,1,7,3,1,8,5,7,40,5,20,80.362
oo6xlkth,1,1999,11,49,7,8,5,2,8,4,6,31,8,10,54.856
p0em1yzd,1,1986,10,34,8,5,11,2,7,3,4,21,3,10,71.73
iq6ef79u,0,1957,0,38,6,7,1,2,8,4,9,40,2,20,60.469
3f48wi9d,1,1955,1,58,2,7,3,2,9,3,3,5,8,0,45
02ynznak,0,1950,9,86,4,7,1,2,8,3,2,1,5,16,56.052
m06ksfqv,0,1964,1,90,3,8,1,2,10,5,7,10,7,0,80.362
4swrzpkd,1,1973,9,64,8,3,9,2,7,5,3,50,2,10,43.975
e0z6jmc8,1,1959,9,86,2,5,4,2,9,4,4,32,8,14,62.798
vd6638xf,1,1943,8,14,9,7,6,2,9,4,2,20,5,4,57.804
owij3syb,1,1968,2,56,8,3,6,2,7,2,7,36,6,16,57.804
58nmqdse,0,1991,1,21,1,4,1,2,7,1,10,4,5,0,54.856
cop91p5r,1,1988,5,67,5,2,3,2,5,4,6,32,2,20,57.804
ktmv3nu6,1,1987,11,44,8,3,2,2,9,5,2,32,7,20,56.766
5583qhwv,1,1972,10,81,6,3,-1,0,9,4,5,30,4,10,60.255
htqyqn1g,0,1951,0,69,5,7,-1,2,7,4,6,63,4,10,57.804
jnn5va8y,0,1965,0,38,6,3,2,2,10,5,8,28,0,6,75.379
umcg2r27,1,1984,0,38,8,3,4,2,7,4,6,28,4,10,54.856
5b3cm1i2,1,1936,9,33,8,7,4,2,7,5,4,20,10,10,57.804
o65c9ql8,1,1946,12,13,4,7,3,2,8,5,5,20,7,4,57.804
vnw2c4m3,0,1948,7,75,9,7,6,2,9,5,6,40,8,20,51.789
reje129l,0,1958,6,59,5,7,3,2,9,4,7,53,8,6,60.469
g5hyhwhy,1,1974,11,44,3,2,5,2,10,5,8,44,6,10,66.036
z1wp5nx5,0,1988,7,93,5,5,4,2,9,4,3,10,7,10,65.356
pl2xtlp5,0,1966,9,47,2,3,3,2,9,4,5,20,6,0,54.856
q9mdbrjd,0,1950,12,06,5,7,2,2,9,4,6,10,9,20,54.856
67yyi5z0,0,1949,6,62,3,7,4,2,8,4,5,32,8,10,54.856
drqnj7gp,1,1947,0,07,7,7,-1,2,8,4,0,36,5,4,80.362
5gh57uvr,1,1960,10,31,8,3,9,2,8,4,8,32,4,10,45
wak04tat,0,1950,0,38,5,7,5,2,9,5,6,32,6,18,71.419
gwfg4nz9,0,1961,5,54,3,8,2,2,8,4,2,17,7,10,67.618
w29qh17v,1,1971,1,21,3,3,6,2,9,4,3,10,10,20,65.701
qpu422ik,1,1969,7,77,5,3,5,2,10,5,3,32,2,20,75.379
0hljtcgw,1,1984,0,38,8,3,4,2,7,4,7,22,4,20,80.362
0jujie03,0,1944,12,06,9,7,1,1,9,4,1,64,9,0,54.856
8m20f317,0,1988,0,69,6,4,4,2,8,5,3,20,3,6,54.856
f82qalzc,0,1947,9,47,5,7,3,2,10,5,5,12,7,10,54.237
36h4a0rc,1,1979,9,19,6,3,2,2,9,5,0,2,10,0,57.804
5p8kez5x,0,1950,0,38,5,7,1,2,10,5,0,38,8,20,76.023
19oe6zu9,0,1974,12,83,3,6,2,2,10,4,3,45,7,0,58.527
uxaty46v,0,1948,6,59,9,7,6,2,7,4,5,32,6,0,60.255
r9fajcrq,0,1959,3,41,1,7,1,2,10,4,0,16,8,6,57.804
7dly9o5q,0,1995,2,56,6,2,2,2,4,4,7,19,7,8,57.804
vs2hfvcf,1,1995,2,56,6,5,1,2,6,5,3,22,8,0,54.856
j0zau203,1,1959,12,83,3,7,2,1,7,3,5,50,4,14,65.907
i4mo02xb,1,1971,6,80,4,4,0,2,10,3,5,32,5,10,56.766
gq6pgn52,1,1967,7,77,7,3,5,2,9,4,1,32,4,20,51.789
5qhafiwv,0,1968,5,68,2,4,2,2,9,4,7,3,10,0,30.529
c9rhc5pa,1,1987,12,83,5,6,1,2,6,5,5,31,6,20,45
fsohrga2,0,1963,5,54,7,3,6,2,8,4,3,32,6,0,45
spb5tsrs,1,1967,7,75,8,3,-1,2,8,4,5,32,5,10,57.804
g8xx0626,1,1954,0,07,8,7,2,0,7,5,4,1,5,0,54.856
yh15hl76,1,1946,10,34,8,7,4,2,8,5,5,18,6,14,63.835
985701yz,1,1952,9,40,7,7,4,2,7,5,6,32,5,20,57.804
uas87tt9,1,1984,7,78,8,3,6,2,9,5,5,32,6,10,57.804
hgywppc5,1,1944,11,49,8,7,3,2,8,5,7,2,8,2,56.977
km14w2qa,0,1994,2,35,5,5,2,2,8,2,5,13,0,10,79.082
rv0vxufj,0,1965,3,28,2,5,3,2,9,5,1,12,7,20,63.138
xt9fspi9,0,1955,10,0,6,7,9,2,8,5,0,2,8,16,71.311
cu3aha1t,1,1955,2,56,1,7,4,1,8,5,6,46,4,10,57.804
kfg5efvj,1,1960,5,51,2,7,3,2,7,4,7,40,6,10,60.255
dgi81bl6,1,1973,10,65,1,3,0,2,8,4,7,8,9,8,54.856
m2z0ep7i,0,1945,0,69,8,7,11,2,8,4,2,10,8,20,60.61
5n8u1jve,1,1945,9,17,8,7,4,2,10,5,6,48,4,0,57.804
d51t592s,0,1966,1,39,1,6,3,2,1,2,0,40,8,0,57.804
infqgcnm,0,1953,7,93,8,3,2,2,10,5,3,30,3,20,57.804
h15u2iu9,1,1999,3,2B,5,8,0,2,7,4,7,40,9,20,56.766
mn6hkar7,0,1974,3,41,2,6,1,2,10,5,5,32,2,20,57.804
4689ilul,1,1984,10,31,8,4,4,2,8,4,2,25,4,10,54.856
n89ctmc2,0,1938,0,01,3,7,4,2,8,5,5,47,3,0,54.856
8u28sj0x,1,1948,7,77,6,7,4,1,8,4,8,50,8,16,57.804
o9hyeia4,1,1966,9,17,9,3,-1,2,10,4,5,30,1,10,23.964
tm6w2tn8,1,1998,5,67,5,4,2,1,8,4,7,32,6,10,54.856
87uwlq9r,0,1962,10,31,9,3,2,2,9,4,3,64,9,0,54.856
4437wkio,1,1963,9,33,8,6,3,2,7,4,3,59,3,10,57.804
rxsjwb65,1,1986,0,01,8,3,4,2,9,1,6,36,9,20,80.362
obveezz8,0,1949,8,14,2,7,3,2,8,4,4,20,6,12,59.399
r8rdd5mi,1,1952,5,57,7,7,4,2,8,4,2,16,7,8,56.445
u07fk5ai,1,1952,6,59,3,7,3,2,8,5,4,32,6,10,43.975
xuyn7awd,0,1959,10,30,1,7,2,2,9,4,2,40,7,4,57.804
ie9sok19,1,1989,12,06,8,3,2,2,8,4,4,32,7,10,45
ku3wu6qz,1,1986,10,31,8,3,4,2,8,5,4,20,6,10,45
yg4jn282,0,1965,0,26,7,4,5,0,7,5,3,24,6,10,54.856
s74zrzpy,1,1969,11,44,8,4,4,2,8,4,4,4,7,20,58.877
oooi31b7,1,1965,0,69,8,3,2,2,8,5,3,32,8,10,54.856
kr3cnnw2,0,1972,1,71,7,3,2,2,7,4,4,16,9,0,54.856
yxi6x4jn,1,1955,7,92,6,7,8,2,9,4,4,42,5,10,54.856
rueg26ju,1,1943,0,73,1,7,4,2,10,5,8,52,10,20,54.856
8hgxwlc4,1,1932,12,13,2,7,3,2,8,5,5,30,8,0,64.291
je6ej06c,1,1983,2,29,8,3,2,2,8,4,3,32,8,20,80.362
kr47kq5i,0,1972,3,37,8,5,4,2,8,4,6,7,4,10,33.234
zs6oyw4r,0,1961,12,84,6,5,1,0,9,2,2,56,4,10,73.711
ekqbhjos,1,1953,1,90,3,7,3,2,8,5,4,50,7,10,54.856
nowjifda,0,1991,0,74,8,4,6,2,10,5,5,55,5,0,54.856
0zl4bwyt,0,1943,12,04,8,7,2,2,7,4,7,30,8,16,57.804
mvq2ps30,0,1957,10,34,8,7,1,0,8,4,6,43,7,10,54.856
b3u7k668,1,1951,7,75,7,7,5,2,8,4,3,43,5,6,62.296
vt2eyjsu,0,1965,9,47,3,4,3,2,9,5,6,35,6,20,54.856
s0c9ynx9,1,1988,7,78,8,3,5,2,8,4,7,35,3,10,34.114
sezq9xr8,1,1952,9,64,1,7,1,2,5,4,5,45,5,0,59.294
shp3lq7l,1,1955,2,56,2,7,2,2,7,5,6,62,8,20,57.804
a00ipiij,0,1985,7,75,9,3,1,2,10,5,0,1,5,0,56.977
6w01bfqw,0,1976,7,91,8,4,5,2,9,4,3,4,9,10,62.115
j2h58ifl,1,1940,7,75,8,7,4,2,7,5,4,2,6,20,23.964
vb9ljpqm,0,1954,12,05,7,7,3,2,7,4,2,39,5,10,45
weomztkh,1,1985,6,59,6,4,4,1,8,4,0,10,3,0,45
r9qs1hmw,0,1958,2,56,5,7,3,2,5,4,5,13,7,20,54.856
hef630wg,0,1984,6,59,8,3,2,2,9,4,5,35,6,10,45
1pf3wlop,0,1985,7,75,8,4,3,2,8,4,10,50,7,20,57.804
x5yscdg3,1,1952,0,38,0,7,2,0,9,2,4,14,5,20,81.469
abw5rkl5,0,1952,9,24,3,7,3,2,8,5,2,6,8,12,67.618
6egq03ms,0,1994,12,13,8,3,4,2,9,3,8,4,4,0,57.804
wykib6dt,1,1997,5,67,8,8,1,2,6,4,4,22,4,10,57.804
txv0kr21,1,1954,1,21,0,7,-1,2,5,4,0,1,10,0,50.71
t0ark3gx,0,1997,1,21,8,4,4,2,10,4,4,32,4,10,80.362
buaxrvmf,1,1984,10,0,6,4,1,2,9,3,5,5,6,12,54.856
a9527f5e,0,1959,9,33,8,3,-1,1,9,4,8,20,7,10,57.804
ulc5h7y3,0,1983,7,92,8,3,6,2,7,5,8,52,4,20,57.804
vu2lgkq7,0,1987,10,31,9,3,0,2,7,4,2,40,6,10,54.856
olb7shq7,0,1954,10,09,0,7,3,2,8,4,5,7,8,0,57.804
i3ji5e8r,1,1984,2,35,5,4,3,2,9,5,6,48,9,10,55.354
319zn6i9,1,1955,0,74,6,3,3,2,10,5,8,49,3,20,54.856
bwd930uu,0,1989,10,81,0,8,1,0,7,4,4,16,1,0,81.209
9bznmu7l,0,1953,11,49,8,7,1,0,6,4,8,50,9,10,57.804
1k4e2wmh,0,1994,0,69,6,4,3,2,9,4,5,20,5,10,57.804
zhc1frpp,1,1985,10,81,5,6,0,0,8,5,3,30,8,0,60.255
9ok7379m,1,1997,0,69,5,8,3,2,8,5,8,64,2,20,45
2qwcp8vz,1,1970,12,06,7,3,8,2,10,4,7,17,0,20,80.362
quf162dz,1,1986,2,56,1,5,11,0,5,4,10,1,10,12,54.856
sgmdqcyd,0,1976,7,78,3,8,1,2,9,5,0,2,0,0,80.789
7zp2ii9c,0,1950,0,69,3,7,4,2,10,5,5,60,0,20,54.856
lojnts25,1,1987,9,16,3,6,1,2,9,3,10,30,2,2,80.362
an6vqncw,1,1996,7,92,7,3,2,2,8,5,7,7,1,20,54.856
gu077p7d,1,1940,10,34,9,7,4,2,8,5,7,15,4,6,55.417
9f1uq8zq,0,1966,11,85,7,5,-1,2,10,4,5,63,7,0,45
ad292ixj,0,1982,0,69,7,5,1,2,8,3,0,1,7,0,56.309
beeklkad,0,1952,10,34,3,7,2,0,5,4,4,5,4,2,67.381
trrd8h9h,1,1951,1,21,6,7,5,2,8,5,6,17,7,10,54.856
azn5kxu7,1,1960,5,68,2,7,-1,2,8,5,6,32,7,20,45
x7ntuy2r,1,1963,10,34,2,7,2,2,8,5,3,20,3,20,75.379
k2a7ocq2,1,1984,0,01,7,3,2,2,10,4,3,10,5,10,62.115
mc9u6jvj,0,1957,6,62,6,7,3,2,9,4,5,7,8,0,57.804
4g3hnwmp,0,1981,7,95,3,4,1,1,9,5,5,5,10,0,57.804
x3rizqjp,1,1973,5,67,8,6,2,2,7,5,10,6,0,20,82.349
3mpbul85,1,1939,2,56,7,7,4,2,9,4,9,21,8,6,60.924
371k7500,1,1999,11,21,6,8,-1,1,7,3,5,22,7,10,53.189
jpsp5cci,0,1972,8,50,5,2,4,1,9,3,8,20,1,0,75.379
hj0gt5b2,0,1948,2,29,8,7,1,2,8,3,4,40,4,10,54.856
p19q20v0,1,1956,9,87,2,7,1,2,9,5,3,32,5,10,45
q6aupt24,1,1940,7,78,7,7,4,2,8,3,4,3,4,20,54.856
m7haf8qi,1,2001,2,35,3,8,3,2,8,3,6,20,3,8,57.714
3dkwttle,1,2000,7,17,6,8,-1,1,7,3,3,30,8,0,77.149
zo8sorlj,0,1968,9,16,3,5,2,2,9,5,4,21,9,20,67.795
z5epoqz7,0,1999,7,92,4,8,3,2,6,5,0,40,0,0,54.856
clmo9tqm,1,1935,0,69,0,7,2,2,7,4,0,27,8,0,56.878
6x9go7en,0,1953,5,52,0,7,1,2,8,4,1,1,1,0,56.977
ga4fh6hk,0,1995,12,83,6,6,1,2,9,4,2,52,5,0,51.91
lr6z730c,0,1959,10,81,2,7,2,2,9,4,0,1,1,6,56.852
itwwhk6m,0,1944,10,34,3,7,3,0,7,4,0,30,7,0,54.856
0vweo8jp,1,1978,5,67,2,6,1,2,7,4,1,13,3,10,66.173
72ze2p2o,1,1950,5,54,8,7,3,2,9,3,6,30,8,12,63.009
fkxvspat,0,1949,5,67,2,7,2,2,9,5,7,20,7,0,66.395
lkeer6x7,0,1960,8,50,2,7,3,2,7,4,0,20,5,20,64.628
o81h1q4n,1,1963,10,31,5,3,3,2,7,3,6,41,7,6,70.346
k50j8lxk,0,1997,5,88,6,4,2,1,8,4,6,27,3,20,80.362
6p0brk6a,0,1985,10,31,3,4,2,2,8,4,5,5,5,20,80.362
3j8ycm00,0,1959,11,44,6,7,9,2,9,4,4,33,2,16,57.804
mv9v3zwc,1,1956,10,30,5,7,2,2,8,4,5,40,8,12,57.804
xp0ud6em,0,1982,9,16,6,5,1,2,9,4,4,40,7,10,57.804
du4q16v7,1,1979,7,94,8,2,4,0,7,3,6,32,10,10,72.463
wd3k8d1h,1,1987,6,62,2,8,2,0,0,3,4,64,2,0,56.977
gpnw4ji6,0,1990,7,93,8,3,-1,2,10,4,6,40,3,0,54.856
9wvt5y0c,0,1978,7,75,6,4,4,2,9,5,4,13,3,6,34.114
fcexk6uj,1,1955,12,13,8,4,3,2,7,3,5,20,5,20,62.115
v3uyupxn,1,1993,10,31,6,8,-1,2,7,5,4,8,3,20,45
rn3i1la2,0,1985,6,80,8,4,3,2,10,4,3,50,3,0,80.362
oz4ru74o,0,1988,9,33,8,5,3,2,10,3,6,32,7,6,54.856
yg3djmzp,0,1947,7,75,3,7,2,2,8,4,6,50,4,0,80.362
9uvce6a2,0,1955,3,36,3,7,1,2,9,4,6,32,8,10,78.69
u7lehqmb,1,1982,8,76,6,4,4,2,10,5,0,31,10,0,45
106a37lb,0,1956,10,66,9,7,4,2,9,5,3,32,8,10,56.766
rf1adza0,0,1952,12,84,9,7,-1,2,10,3,1,10,10,0,45
qqbiazaj,0,2003,10,31,3,8,0,2,9,4,6,8,2,0,57.804
itc508mp,0,1954,9,86,6,7,3,2,7,4,6,54,8,20,54.856
so240rzg,1,1992,0,38,8,3,2,2,7,4,4,50,8,12,74.395
p2t9k3ro,0,1955,9,87,2,7,1,2,10,5,5,17,10,10,56.766
b47acxqj,1,1940,9,17,0,7,4,2,8,3,6,40,6,20,57.804
gcbe13bq,0,1953,7,95,8,7,1,1,10,4,7,20,6,20,45
5q599jor,1,1935,0,38,9,7,3,1,9,5,5,20,7,10,70.581
z37qnbc7,1,1997,9,86,7,8,1,2,9,4,2,26,7,16,57.804
bdeep5tm,1,1957,6,59,6,7,3,2,8,2,7,20,8,10,57.804
6lialjxb,1,1957,7,95,1,7,-1,2,8,5,5,35,5,20,45
rxxdjk2g,0,1956,2,29,3,7,1,2,10,4,3,1,3,0,57.804
vkmiy6x6,1,1971,0,03,0,6,4,0,9,3,10,63,10,20,80.789
810j0wac,1,1991,8,76,3,4,3,2,9,4,5,19,1,0,62.115
jcufw1u5,1,1953,2,22,6,7,2,2,8,5,5,40,0,10,57.804
1u53hcu4,1,1953,12,84,8,7,1,2,8,4,4,30,6,14,57.804
ni4mcqpp,1,1946,0,07,8,7,3,2,8,4,6,40,6,8,57.804
9vq47to5,0,1972,0,07,2,6,4,2,10,4,5,21,7,0,56.977
7evgrzuv,1,1948,7,77,3,7,7,2,8,5,4,10,10,10,57.804
dq771d0z,0,1994,7,75,8,3,6,1,7,4,8,20,5,10,80.362
zeretu16,1,1996,10,34,8,3,3,2,8,4,6,30,7,10,56.766
lirqbg3u,0,1978,10,66,5,3,5,2,8,4,2,16,4,10,57.804
8q4x7509,1,1981,10,31,5,3,4,2,8,2,5,9,4,10,54.856
jpf0qeui,0,1967,7,91,5,3,2,2,8,5,6,55,2,0,65.871
orjfgy6q,0,1965,10,66,3,5,2,0,8,2,5,40,8,10,57.804
kutszh03,1,1997,8,14,3,2,2,2,7,4,4,15,0,16,57.804
sqewegmf,1,1974,10,31,8,3,7,2,10,4,6,40,2,12,58.319
mradigt0,0,1971,6,62,8,4,2,2,8,2,3,35,8,10,57.804
a1wyqd6l,1,1977,7,75,8,2,7,2,8,5,5,27,4,16,75.379
ide2cmcj,0,1963,7,94,6,4,2,2,8,5,7,11,7,0,66.385
xlo6jcts,0,1945,0,43,4,7,1,2,8,4,3,20,8,10,57.804
2nwtxoab,0,1981,5,67,3,5,2,1,8,1,2,20,6,10,54.856
ei6fck6c,0,1962,0,69,3,2,8,2,9,4,0,7,10,0,54.856
2vqyng1l,0,1999,3,45,7,8,-1,0,7,2,0,3,4,12,58.57
7hi9m8k8,1,1958,10,65,8,7,2,2,8,4,7,5,5,12,76.242
zeondie3,0,1962,11,44,5,7,1,2,9,4,0,47,5,10,49.269
0e900ice,0,1952,8,50,3,7,2,2,9,4,3,3,8,2,23.964
fknuuzui,0,1969,7,95,3,2,4,2,10,5,5,22,4,10,57.804
z4k11gft,0,1969,0,42,8,3,-1,2,9,4,6,4,6,20,54.856
r9f63jg9,1,1962,11,44,5,3,4,2,8,4,8,32,7,20,54.856
fh5hni0l,0,1995,11,44,8,3,4,1,7,4,5,27,7,14,54.856
w0pddmj7,0,1960,9,33,5,7,0,2,9,5,3,20,8,4,60.325
os2u27mv,1,1972,7,75,8,3,10,1,8,4,3,2,7,0,56.977
8ynaxio4,0,1965,1,70,5,4,4,2,5,5,4,40,8,2,57.804
38pwodc0,0,1950,9,64,8,7,2,2,10,5,6,24,0,6,57.804
jlnfwejs,0,1998,3,45,6,4,1,2,8,5,7,21,0,12,69.646
grlyjovh,0,1961,11,44,7,3,4,2,5,5,7,32,6,20,54.856
mg4pwaqp,0,1988,7,78,6,4,3,1,8,4,3,30,8,10,54.856
51if24o5,1,1980,6,62,7,4,4,2,10,5,3,25,7,20,62.909
j2qw8l14,0,1986,7,92,8,3,6,2,9,5,2,23,7,10,68.111
kltlem2v,0,1979,1,70,3,4,2,2,9,4,5,59,1,0,62.939
11xt6krr,0,1943,7,77,2,7,2,2,9,4,0,12,5,0,34.114
g8d845gu,0,1948,11,85,2,7,1,2,10,5,5,13,6,10,67.037
g86d3e6l,1,1954,10,31,8,7,5,2,8,4,6,48,4,20,33.234
jq2jwvw3,1,1991,12,13,6,4,4,2,9,5,6,40,5,10,45
dd6ykje1,0,1953,2,35,8,7,1,2,8,5,6,40,7,10,61.518
ai9i30r2,1,1959,11,44,0,2,4,2,0,3,5,31,7,20,54.856
hqrr6vld,1,1969,0,03,2,1,0,2,6,1,3,32,1,20,80.362
2a7trj4g,0,1961,0,03,1,5,3,2,8,2,2,43,5,10,54.856
0buz9lsf,1,1973,10,81,5,4,4,2,6,3,5,32,5,0,57.804
ssv4fpvr,0,1981,1,71,6,4,1,2,8,4,4,30,8,10,57.804
18ykmhk7,0,1983,8,61,0,8,0,0,9,4,4,40,0,10,54.856
sj8owwvk,1,1974,0,63,6,4,4,1,8,3,1,48,7,20,75.379
evrib5jg,0,1986,0,42,6,2,3,2,8,5,10,20,10,10,52.989
yigk3x9u,0,1966,5,67,2,6,1,0,9,3,7,20,10,20,55.094
1n2n12vy,0,1965,0,63,8,3,6,2,9,2,5,45,2,10,57.804
xn3yn1mg,1,1999,10,46,5,4,11,2,3,4,3,25,10,10,57.804
xed5surt,0,1963,7,95,3,4,3,2,7,4,4,7,7,20,65.42
gxzhbv3l,0,1954,5,57,5,7,1,2,10,4,5,3,5,14,23.964
8u8cpm8q,0,1990,12,13,8,4,3,1,6,4,3,20,3,0,57.804
o7et2txz,1,1975,2,56,5,4,1,2,7,3,0,10,10,10,57.804
5w8phhls,1,1965,0,01,8,3,3,2,7,4,3,22,7,20,54.856
8qcmmd47,0,1973,12,13,9,3,6,2,7,5,3,32,5,10,57.804
v0hl958l,0,1961,5,67,8,7,11,2,10,4,5,28,8,10,56.056
b0wufqn3,1,1972,12,13,8,3,4,1,10,3,7,20,8,0,54.856
mdbp7mzf,0,1980,4,2B,3,8,4,1,9,4,2,32,8,0,54.856
dkv6h4gw,0,1984,12,13,8,4,-1,0,9,5,3,28,2,0,80.789
8uif7528,0,1977,5,54,4,5,3,2,10,3,4,16,2,20,57.804
scc28a3d,0,1975,2,35,7,5,1,2,10,5,1,32,6,0,45
t2g3ov7d,0,1989,7,75,8,3,6,2,10,5,1,20,5,4,60.255
g5ei9zh0,1,1951,2,56,8,7,4,2,8,4,6,48,8,10,62.001
n450aggg,1,1943,10,09,9,7,2,2,9,4,5,15,8,10,54.856
rjkv53qh,1,1938,12,06,9,7,3,2,8,5,6,33,7,20,57.804
g2c36w6g,1,1969,7,93,5,4,4,2,9,4,5,30,8,20,56.766
b6h7x6fk,1,1968,5,52,3,2,2,1,9,4,6,40,5,6,45
xn8qj1kd,0,1953,5,67,2,7,-1,2,9,4,6,9,10,14,55.417
0r627csi,0,1981,7,91,3,4,4,2,10,4,2,33,5,6,57.804
b1ra1pkm,1,1965,0,74,3,6,4,2,8,4,4,20,4,12,68.248
sqqmc34p,0,1958,7,75,8,7,4,2,8,4,6,32,4,20,54.856
i0z3yza0,1,1954,9,64,8,7,1,2,5,1,7,14,5,10,80.362
9vmspa5s,0,1981,9,86,7,3,3,2,8,5,5,40,7,14,57.804
d6vznufo,1,1961,0,38,5,5,4,2,8,4,7,38,8,10,62.115
m55394nx,0,1982,7,75,8,3,3,1,10,4,4,50,3,18,58.663
5z7d0yhu,0,1954,7,94,2,7,4,2,8,5,3,6,5,6,62.736
mqvts27w,1,1957,7,75,8,7,3,2,10,5,9,19,8,12,42.138
yhaw1exz,1,1979,0,03,6,1,1,2,9,4,5,24,5,18,57.804
mhz58ziw,1,1955,10,12,0,7,0,2,7,4,0,1,10,0,56.977
t2yg3vc0,0,1959,12,13,8,3,4,0,10,2,3,20,7,20,57.804
i85ut0bx,1,1955,12,13,2,7,1,2,9,4,2,1,8,0,61.18
9vfxb9fa,1,1947,0,43,7,7,3,2,5,5,7,30,7,10,57.804
atnm939b,0,1957,7,94,2,7,2,2,9,4,3,15,9,16,54.856
x08yp77g,1,1958,10,31,6,7,4,2,7,4,3,32,5,10,45
m92o4ru4,1,1956,7,75,1,7,2,1,9,5,6,7,8,0,45
q48ogu06,1,1990,6,59,6,5,3,2,8,4,10,32,3,0,54.856
7w3x7i2l,0,2002,7,78,3,8,-1,2,9,4,3,31,10,0,45
0xorvf6l,0,1997,10,30,2,5,1,2,10,4,3,30,10,10,54.911
zpcdx20s,1,1985,7,91,9,3,4,0,6,3,5,32,7,0,50.971
zoz29uu2,1,1965,2,29,2,6,0,2,9,4,5,20,5,20,59.294
anl25zdz,0,1950,12,04,2,7,2,2,9,4,5,7,10,2,61.952
lp4vqd6e,1,1985,0,63,3,4,-1,0,7,3,5,1,5,10,67.48
rtjt4muo,1,1985,12,13,5,3,2,2,8,2,7,32,4,6,45
7xj0fy63,1,1961,7,75,8,3,5,2,1,4,8,32,8,0,45
jytb4c0d,0,1980,9,33,8,3,-1,2,8,4,6,40,4,10,80.362
tbfag7y3,1,1976,9,19,2,6,-1,1,10,3,5,15,10,0,75.379
n4o7xgrh,0,1991,7,93,3,5,1,1,9,4,0,2,0,20,59.38
cg2ntek3,0,1946,10,34,9,7,3,1,8,2,5,32,9,10,45
6w6cyxhh,1,1993,9,86,6,4,3,1,6,2,3,27,9,0,54.856
jinsi506,1,1945,11,44,8,7,10,2,6,2,6,32,2,8,58.459
zw920viz,0,1992,5,67,6,8,1,0,2,5,6,9,5,0,55.848
humhc42t,0,1947,2,22,2,7,1,2,10,5,5,40,4,0,59.826
uznoemh3,1,1951,0,03,5,7,5,2,8,4,5,32,4,10,57.804
x9jihjfp,0,1993,6,59,8,3,4,2,10,4,6,31,6,12,66.173
p416hpie,1,1979,7,94,5,4,1,2,8,3,0,1,4,0,81.401
scrmg1w8,1,1995,9,17,6,8,3,2,7,4,3,32,6,0,57.804
jhmywezq,0,1965,6,59,7,2,1,0,8,1,6,20,5,10,69.396
6n8uggr3,0,1990,3,37,8,2,3,2,8,4,3,42,4,6,80.362
4m4c46cr,0,1982,6,60,6,5,1,2,10,3,7,23,2,0,54.856
ymr2fy7i,1,1988,0,07,3,6,2,0,5,3,5,24,3,10,57.249
x4kqlnkk,1,1988,9,87,7,4,1,2,9,4,6,52,3,20,54.856
hfn9sjxy,1,1972,7,75,9,3,5,2,7,4,2,22,4,20,54.856
xl7pgvn4,1,1947,5,57,8,7,4,2,9,4,5,32,4,14,45
qaydrs8f,1,1950,7,95,8,7,3,0,6,2,6,50,8,20,54.856
i3ga88fp,0,1968,2,29,8,2,4,2,10,5,5,52,5,10,57.804
u3ox62sj,1,1955,1,58,3,7,1,2,9,4,5,35,7,8,65.611
p2ijmctd,0,1973,2,56,6,4,2,2,9,4,4,7,7,0,57.804
x8alqacn,0,1982,12,0,3,8,1,0,7,2,5,12,5,0,45
zg3eaczb,1,1971,7,78,2,2,9,2,9,4,6,40,7,0,57.804
fnz4ugkl,0,1995,7,93,8,3,4,2,9,4,0,20,7,12,54.856
jsa1k5xm,1,1992,7,75,7,5,0,2,9,5,4,60,10,10,54.856
geojuzh8,0,1965,10,66,4,4,2,2,9,4,5,2,10,10,57.804
mq56v4ha,0,1984,7,95,8,4,-1,2,7,5,2,32,8,0,54.856
c4jdafci,0,1961,7,93,6,4,3,2,9,5,7,7,7,0,80.362
gsknmerw,0,1986,7,75,6,4,3,1,6,4,6,2,8,0,54.856
qustrnv0,1,1935,12,83,8,7,5,2,8,5,8,40,6,10,80.362
fia7zoyy,0,1959,6,02,2,7,0,0,10,5,5,5,8,0,56.878
use7aby7,0,1946,9,33,6,7,2,2,9,5,5,20,7,0,56.977
0xtpb1ex,0,1963,11,44,2,8,0,2,10,4,0,46,9,16,57.804
gryk6awm,0,1993,9,33,6,6,2,2,8,4,8,46,4,12,80.362
b8lz18jy,0,1952,7,78,2,7,4,2,9,4,7,50,7,4,57.804
0v5u88d8,1,1972,10,31,8,3,7,2,8,2,5,20,7,8,54.856
5xmhbtfq,0,1984,7,92,5,4,-1,2,10,4,5,6,8,16,66.161
e5772cwc,0,1995,7,95,6,5,2,2,10,4,5,30,3,10,80.362
gkgm5pz9,1,1974,9,87,3,8,4,2,9,4,7,2,4,16,52.261
t537ktbz,0,1992,7,78,8,3,4,2,10,4,4,30,2,20,80.362
mr9hglvb,0,1991,6,59,8,4,3,2,10,3,2,12,5,0,57.804
krbvzz0z,1,1987,3,37,5,5,1,0,10,5,6,25,9,20,54.856
nzo5jh2w,0,1983,0,26,3,4,1,2,10,4,1,3,5,0,56.766
uvs7oayx,1,1950,6,62,3,7,2,2,8,5,5,22,4,0,61.526
dv0hb3ko,0,1962,0,63,5,5,2,0,9,3,2,64,8,0,66.036
59du3d17,0,1968,0,74,2,8,-1,0,8,3,2,15,5,0,57.804
auhyb7uk,0,1996,8,76,6,4,4,0,8,2,8,48,5,10,45
9wl1q4xb,1,1962,7,44,5,7,3,2,8,4,2,1,2,0,57.804
4anr6z6g,0,1948,6,59,5,7,2,2,6,4,0,32,4,10,56.309
msux7gbc,0,1969,1,21,5,2,2,1,8,4,7,58,8,20,56.766
b9e5k4v9,0,1985,7,92,9,3,10,2,8,3,2,21,8,8,57.804
kkl9rfpm,0,1972,8,14,7,5,2,2,10,4,3,26,4,2,75.018
9xsa1ts8,0,1952,7,78,7,7,4,2,5,4,0,25,4,0,75.379
o1igcs5i,1,1968,11,72,3,5,2,2,10,4,5,40,5,2,66.249
hwpvgjc3,0,1999,2,29,6,8,-1,2,9,4,5,30,3,10,54.856
nvm8qzm6,1,1969,12,13,8,5,4,0,10,2,9,15,10,2,57.804
3trv7sx8,0,1982,6,59,5,3,2,2,9,5,10,3,4,0,56.766
cliyg8et,0,1985,7,77,8,2,6,0,5,3,10,32,3,0,54.856
4ygx2wkw,1,1938,6,62,1,7,2,2,8,4,0,40,8,0,57.804
ern2rlgz,0,1990,0,69,8,3,3,1,8,4,2,4,8,10,80.362
whs7xsn2,0,1965,1,21,6,2,5,2,10,4,5,10,5,10,57.804
i7r8ogmm,0,1953,9,33,9,7,3,2,9,4,6,64,8,0,54.856
0b8smhmt,0,1966,12,13,8,3,8,0,9,4,2,13,6,6,57.804
ou6seko5,1,1993,12,13,3,4,2,0,6,2,7,22,5,2,60.454
obgu8hpo,1,1996,7,91,8,5,1,2,7,5,7,21,3,4,77.521
10vgei3g,1,1949,1,21,9,4,1,2,8,4,5,16,3,12,57.804
jxb877y6,0,1985,8,76,8,3,4,1,9,5,0,32,5,10,45
awd7ui2d,0,1974,11,85,0,8,0,2,10,4,8,4,7,0,56.977
gendz8f6,1,1987,7,77,7,5,3,1,8,1,5,40,3,8,60.255
tju3hv6s,0,1973,7,94,7,3,4,2,6,4,7,64,3,4,63.312
t6txdg8h,0,1979,10,31,7,3,5,2,9,5,5,6,8,0,55.126
58y23ipj,0,1954,9,33,9,7,3,2,9,4,5,7,8,10,54.856
ug2aqfe4,1,1962,12,83,2,7,4,2,9,5,8,20,8,20,57.804
v3hn6q0s,1,1967,9,33,8,2,-1,0,7,2,7,25,3,20,62.939
7vx7u2sb,0,1954,12,06,7,7,5,2,9,4,2,40,4,18,57.804
6v8wv4wn,0,1993,11,85,6,4,1,2,9,4,3,16,9,6,54.856
dr8owhkq,0,1983,3,45,8,3,2,2,9,3,4,13,6,10,57.931
9609jmty,1,1954,11,49,2,7,3,2,7,4,5,32,2,4,78.951
zn34b6nj,1,1981,9,33,9,3,6,2,9,5,7,13,7,20,54.856
njhnyxuh,0,1959,3,18,3,5,1,2,8,5,5,1,5,0,76.023
37s7o7wa,1,1989,7,75,8,4,1,0,9,4,6,30,8,16,57.804
1vkmofpa,0,1961,9,64,3,1,1,2,8,5,3,9,8,2,57.804
plclblq6,0,1969,11,44,2,8,2,2,7,3,5,25,5,0,56.977
9m10bila,1,1941,0,42,8,7,3,2,9,5,3,25,5,16,73.321
comp32nu,1,1981,8,27,3,6,4,2,9,2,7,40,2,20,54.856
bi435q57,1,1984,7,91,7,5,3,2,8,2,7,32,9,20,54.856
xg32hlxv,0,1953,12,13,8,7,2,2,7,1,4,62,5,10,56.766
34vlp9pv,0,1980,11,85,2,7,1,1,9,5,5,22,5,20,54.856
fjejhkr6,0,1953,0,63,5,7,3,1,8,4,7,1,10,0,56.977
0ycriymo,0,1947,5,67,5,7,2,2,9,5,5,5,4,0,56.878
vxmuvs22,1,1997,7,78,7,8,5,2,8,4,2,8,7,20,57.804
o1r5c1hb,0,1970,5,54,5,8,2,2,9,4,2,30,6,20,77.521
zqdg5f4c,1,2000,7,78,5,4,3,2,10,4,3,16,10,10,45
xydo3yg3,0,1979,3,28,5,2,2,2,9,2,8,40,5,10,64.939
ttn1wbsq,1,1980,7,75,5,5,3,2,8,4,7,16,8,6,57.804
r4ih90n1,0,1984,11,44,6,4,3,2,10,4,2,30,1,10,57.804
g4y34u8a,0,1957,7,75,1,7,1,0,10,2,0,30,8,2,57.893
yfiwz8ty,1,1955,0,26,8,7,3,2,9,4,6,31,5,10,60.68
0g8zrhvm,0,1961,12,84,6,7,3,2,8,4,6,26,4,10,57.804
i1pn02m0,1,1948,5,67,5,7,1,2,9,4,3,32,8,2,59.294
81vdxwtn,0,1962,12,05,3,8,1,0,10,5,6,32,9,0,56.977
upm7u6h4,1,1994,0,69,3,6,1,2,8,5,4,19,10,20,45
g4b64cpy,1,1965,9,33,2,7,2,1,9,5,5,10,10,10,52.261
iw845mwy,1,1950,9,87,2,7,1,2,8,4,5,15,10,10,54.856
msk33qa1,1,1939,6,59,2,7,1,2,8,5,10,22,10,0,56.977
8uz8b7bn,0,1954,1,39,7,7,4,2,10,5,4,32,7,10,54.856
aa41528z,0,1965,12,83,2,6,1,2,10,4,3,4,2,0,66.036
u60pq4zl,1,1999,12,29,3,5,1,1,10,3,8,17,1,20,82.349
s1jezupe,1,1960,1,70,3,4,2,2,8,3,7,4,4,20,63.138
v46m9b4g,1,1987,12,83,8,2,1,2,8,5,5,20,8,10,45
5d4k4sn7,0,1979,3,28,6,4,2,2,10,4,0,10,3,2,57.804
gsnc2ssd,0,1984,8,76,5,4,3,2,9,4,3,40,7,6,57.804
yrwmrfpf,0,1959,7,95,2,7,-1,2,9,3,7,3,9,0,80.362
8svcoavi,0,1978,8,50,7,5,5,2,10,4,2,32,0,0,54.856
tz86ve37,0,1971,9,33,3,8,3,2,8,5,3,32,6,10,57.804
116bx4or,0,1976,12,83,5,5,4,2,10,4,5,20,7,10,77.521
h6cunsxq,0,1965,5,57,5,2,7,2,9,4,6,32,4,10,45
k7qhgnyt,1,1962,3,18,4,4,5,2,8,4,0,50,10,0,75.379
fu0blg0t,1,1957,3,28,2,7,2,2,9,4,6,20,4,10,62.079
7jlygakr,0,1974,2,29,2,5,4,2,8,4,6,39,8,10,57.804
b7ryimsq,1,1954,10,12,6,7,11,2,9,4,6,2,8,2,56.977
9jg0i96x,0,1973,9,64,6,4,1,1,10,3,6,5,7,12,60.776
mbad8u9n,1,1959,6,60,1,5,2,2,9,5,7,2,8,10,56.766
i5a064h7,1,1956,2,22,5,7,4,2,9,4,6,31,8,10,57.804
g639q6df,1,1962,6,59,2,7,1,2,0,3,7,6,4,20,73.711
wpqfdkv7,1,1988,9,33,5,5,4,2,7,4,6,26,7,4,57.804
ltgz5665,1,1943,7,95,2,7,-1,2,9,5,9,43,9,10,51.53
3nzbipx1,1,1996,7,93,8,8,2,2,8,4,4,28,3,20,54.856
vdswvxmn,0,1969,10,81,0,8,2,1,10,4,7,20,5,4,43.975
zfo969bq,1,1948,5,67,8,7,3,2,9,4,6,42,7,16,66.168
jee13nhc,0,1993,6,59,6,4,3,1,8,4,2,20,9,10,54.856
zlpyp3ss,0,1967,6,60,2,5,0,2,10,3,3,7,8,2,80.789
22cb4p34,0,1997,8,61,8,8,3,2,9,4,2,20,3,8,47.016
txy2aief,1,1939,0,69,3,7,3,2,6,4,6,38,2,12,49.459
lctk2e5b,1,1953,0,38,7,7,3,1,7,5,7,1,8,0,79.447
n9flr09o,1,1947,1,21,9,7,4,2,9,4,5,2,4,0,59.559
jlus15oi,0,1949,5,67,9,7,6,2,9,5,7,15,7,4,54.856
o2s2o4uf,1,1982,5,56,6,6,1,2,4,4,2,5,2,0,53.014
5vjk0ql5,1,1948,10,31,8,7,3,2,9,4,2,32,4,10,56.766
iriknji6,0,1950,0,63,8,7,4,2,10,4,0,32,8,0,23.964
48sff71o,0,1956,0,63,5,7,-1,2,8,3,4,20,7,10,54.856
szv8r7io,0,1973,7,94,6,4,2,1,10,5,4,39,7,10,73.711
xs3e2sdv,0,1970,12,13,4,4,0,2,9,4,5,3,5,0,59.294
6kp0lvv5,1,1948,9,40,8,7,3,2,10,5,5,23,5,20,57.804
h967mwy5,1,1961,8,76,2,7,1,2,6,5,1,10,2,18,55.126
hgzqgfx3,1,1954,7,95,2,7,2,1,8,4,7,52,8,8,55.417
3nrqi77s,0,1959,7,0,0,5,-1,0,6,3,0,1,0,0,56.977
zmhp2qcp,0,1980,12,06,7,4,-1,1,10,3,5,1,5,0,56.977
9hs1w5v4,1,1958,5,54,2,7,3,2,9,4,8,20,7,20,54.856
sotz5sqs,0,1947,7,78,2,7,-1,2,9,5,0,5,5,0,30.529
z1tskfim,0,1975,2,56,5,2,1,2,8,4,2,32,2,10,56.766
wqxzu7sg,1,1960,9,17,3,2,2,2,5,5,5,34,5,10,60.68
ljj2oh8x,1,1948,12,13,7,7,3,2,8,3,6,16,7,20,57.619
cqq06ziy,1,1951,0,69,2,7,2,2,5,1,5,28,3,16,65.149
te8uorbs,1,1986,10,31,5,4,1,0,6,4,6,10,7,0,74.395
bobr8cm8,0,1978,10,34,7,4,1,2,10,5,2,16,5,0,57.804
ybmuions,1,1973,0,38,3,4,3,0,6,5,7,32,8,2,58.935
yacu24rn,0,1960,6,62,8,7,2,2,8,4,5,40,5,20,54.856
0jgerucr,0,1949,3,37,8,7,1,2,10,5,5,16,10,10,60.182
eknl7w0l,0,1981,5,51,3,8,4,1,9,4,8,7,3,20,57.804
xmsl48zx,0,1951,6,59,7,7,4,2,8,5,5,40,8,8,57.804
1ouwtw64,0,1951,7,91,5,7,2,1,10,4,6,40,3,20,71.141
vfk9lzxa,1,1973,7,92,2,6,4,2,6,4,3,16,5,20,57.804
bawc69ja,1,1955,7,93,8,4,4,2,8,5,6,58,8,10,73.417
0uuryv82,0,1973,7,78,8,8,9,1,7,4,7,61,2,10,57.619
gp149hc3,0,1946,10,34,8,7,7,2,8,4,8,16,8,12,57.529
efe1r5qt,1,1979,9,40,3,8,1,0,8,3,6,40,8,10,67.618
8lqr9og3,1,1996,7,91,6,4,8,2,5,4,1,32,9,10,57.804
qlh613em,0,1952,0,69,7,7,11,2,9,5,3,26,4,20,54.856
zxhhgegu,1,1996,8,14,5,5,5,2,7,4,7,63,2,0,57.804
vn1p7pcq,1,1949,2,22,2,7,3,2,6,4,0,62,7,0,82.349
mrvxd1pl,0,1955,9,40,7,7,3,2,10,5,2,10,5,0,23.964
v4qnxmqp,1,1951,10,12,8,7,3,2,8,4,6,3,3,10,68.239
06lrzclo,0,1962,7,92,5,8,-1,2,10,4,5,32,6,0,45
4veukju9,1,1974,9,0,1,4,3,2,8,5,8,30,5,10,57.804
c7iv3fgw,1,1954,9,64,2,7,2,2,9,4,3,10,5,10,56.056
r5p8f4jr,1,1966,0,26,2,4,3,2,8,4,1,10,8,14,56.852
n7ww3p2j,1,1977,10,31,6,4,0,1,8,4,8,64,8,0,53.994
c0plee5t,0,1948,12,83,6,7,1,2,10,5,6,6,7,10,56.452
bklbnfzv,1,1955,6,59,6,7,0,2,8,5,2,9,10,0,33.234
cwtv9oo3,1,1982,3,18,5,5,3,2,6,4,0,7,5,0,54.856
07a94r0q,0,1944,11,44,5,7,-1,2,9,3,0,3,5,0,56.977
1yq7q1kq,1,1982,11,85,2,6,2,2,7,2,10,4,10,0,54.856
qak2yqq9,1,1949,0,26,7,7,4,2,6,4,6,20,8,10,57.804
40jx9ag9,0,1994,12,83,8,8,2,0,7,4,5,30,8,6,80.362
v4aig2z0,1,1948,9,47,1,7,1,2,8,3,2,36,2,10,80.789
a0i2gvxc,1,1950,3,36,8,7,8,2,8,4,7,20,7,10,54.856
fkgjgy2i,1,1972,0,43,2,4,1,2,6,3,7,1,10,0,61.252
31oqua5w,1,1991,6,62,5,8,0,0,7,3,6,15,9,14,53.559
xedwkipp,0,1951,9,19,5,7,0,0,8,3,7,1,9,16,60.68
hbbhttiq,0,1995,11,44,6,4,1,2,8,5,5,16,4,0,65.144
0skgdyyx,1,1964,9,40,2,6,1,2,5,4,0,53,10,10,54.856
gkv5defv,0,1994,0,69,6,4,3,0,7,4,8,20,2,6,57.804
m7xt1p9d,1,1994,12,83,6,5,1,0,9,4,2,10,8,0,45
otjwkz5k,0,1972,7,78,5,4,2,1,10,4,8,8,10,2,33.234
gses824w,0,1976,5,54,7,5,0,2,10,5,0,60,2,0,80.789
nxfnx19g,1,1950,12,83,3,7,2,2,8,5,7,37,5,10,57.804
pppzjwwj,0,1951,0,63,3,7,0,2,7,3,7,36,8,10,57.804
ur1y2cch,1,1950,11,49,1,7,2,2,9,5,0,4,7,2,56.977
3x0fjxfq,0,1960,0,03,0,5,1,2,10,4,5,3,10,0,54.856
05r4ao4h,0,1998,8,76,8,8,0,2,2,2,3,1,4,14,67.968
wizbe38v,1,1954,7,78,8,7,-1,2,8,4,0,3,7,0,80.789
bhjwejan,1,1984,5,51,5,4,2,2,8,3,5,32,0,0,57.804
2jrlzgkk,0,1982,11,44,5,4,3,2,9,4,2,32,5,10,45
c0nfd2y5,1,1943,11,49,8,7,2,2,10,4,5,1,7,0,55.126
biy6wd3p,1,1978,0,74,2,6,3,0,9,2,5,52,5,20,80.362
815zjn8u,1,1955,7,78,5,7,3,2,7,5,7,55,2,20,80.362
0ey1kbr9,0,1986,7,95,6,5,1,2,9,4,0,63,10,10,75.379
7kc6x3ud,1,1956,5,51,9,7,3,2,10,4,4,20,3,10,62.319
0qvtblyf,0,1951,12,83,5,7,2,2,10,5,5,1,6,0,56.977
189mauos,1,1946,2,56,5,7,4,2,9,2,3,10,9,0,60.469
2p6csowg,0,1952,9,33,6,7,0,2,10,4,5,46,7,10,54.856
h7nzp5ii,0,1980,7,75,5,2,-1,0,9,3,5,30,5,16,56.539
ez4fn0lp,1,1978,2,22,4,5,3,2,6,4,7,63,4,0,66.395
bh6mes9k,1,1997,9,33,8,4,3,2,5,4,5,26,7,8,40.794
ir20zojg,0,1954,0,63,6,7,3,2,9,5,0,20,5,0,57.804
9yg9p8vx,0,1957,0,01,5,8,0,2,10,5,5,33,10,10,57.804
peunqr72,1,1992,10,31,4,6,2,2,7,4,6,32,7,20,54.856
x9x42voj,1,1946,7,92,5,7,5,2,9,5,3,16,8,12,57.804
kwepyfit,0,1996,9,64,6,2,0,1,7,4,7,32,7,10,80.362
g5qz2pze,0,1974,7,77,3,8,-1,2,10,4,7,50,7,4,56.766
u8za658d,1,1955,11,44,6,7,4,1,9,5,7,32,2,10,54.856
9woaa0fp,0,1957,2,22,8,7,8,2,9,4,7,31,7,10,54.856
dnhi1jl3,1,1953,7,91,5,7,6,2,8,4,4,30,3,0,54.856
kwjnoy6p,0,1956,3,45,3,7,-1,2,10,5,2,1,9,0,57.804
5l7g3mq0,1,1978,12,13,5,5,5,2,8,5,2,10,9,20,45
89gv43r0,1,1991,1,70,3,6,3,2,8,3,7,32,5,0,54.856
szh4tdpn,1,1964,7,78,2,6,1,2,10,3,7,6,8,10,54.856
r0aj6nsg,1,1983,0,63,6,2,2,2,5,4,9,7,5,6,55.997
y21gfiq9,1,1981,7,78,3,5,1,2,8,5,5,13,2,20,57.804
6u011k2f,1,1983,8,76,5,4,6,2,10,5,1,16,3,10,54.856
jvqq1ajo,1,1953,12,13,6,7,3,2,7,5,3,20,7,4,61.189
k6hz5wus,1,1983,2,56,0,6,2,1,6,5,4,60,3,10,57.49
01hrg1t3,1,1965,2,29,1,7,4,2,6,4,5,34,5,6,54.856
5go8nijg,1,1990,10,31,6,4,4,1,10,4,5,32,7,16,45
ub99qwba,1,1995,7,92,8,8,0,2,10,4,0,2,10,0,25.814
cyxqt3vu,1,1957,9,33,6,7,5,2,8,4,5,32,7,10,56.766
q6rxy41r,1,1967,0,01,4,4,4,0,10,3,7,10,7,14,54.856
jn6sbwoa,0,1946,2,22,6,7,4,2,8,4,7,32,5,8,45.978
n7gay6yw,1,1981,12,13,8,2,10,2,8,1,10,32,9,6,62.199
2fum2cih,0,1989,0,74,6,4,3,1,8,4,6,1,7,0,61.201
4ccvk4rb,0,1944,12,13,6,7,4,2,10,5,5,16,6,2,43.975
g5rxp1vt,1,1988,5,57,5,5,3,2,5,3,5,45,8,20,80.362
m1bfuxbk,0,1982,5,57,8,4,1,2,9,3,3,63,8,4,57.804
pe3masu0,1,1961,12,13,2,7,2,2,5,3,7,32,8,20,56.951
ek01yiom,1,1986,6,62,2,6,3,2,8,4,2,40,7,0,82.349
y99d4x70,0,1972,8,14,6,4,5,2,7,4,2,30,4,10,56.766
n577gddz,1,1965,7,93,1,5,3,2,7,2,2,1,5,20,33.234
sqtgwu1l,1,1955,2,35,2,7,2,1,8,3,4,2,5,0,56.977
hxdzhv1h,1,1985,7,78,0,6,2,2,7,2,10,45,5,0,57.804
hjdsv2ng,1,1993,9,33,1,6,1,1,6,5,8,25,5,10,80.362
s7mqjbur,0,1974,9,33,7,4,5,2,8,5,6,17,4,8,62.607
70nm1c0y,1,1976,7,78,5,2,0,2,8,4,0,40,10,0,66.883
50ih0nnb,1,1988,5,67,3,6,1,2,8,4,0,1,0,0,57.529
i6aswx90,1,1970,0,74,5,4,-1,2,9,5,0,2,0,0,54.856
641oqwxp,1,1973,1,25,2,5,3,2,10,5,1,25,5,20,80.362
u89jnmz5,0,1991,0,69,6,4,3,2,10,3,4,32,7,0,56.878
dd91fdn5,1,1956,2,22,5,7,2,2,9,4,6,48,5,0,57.804
557kf8n1,1,1986,7,93,2,4,2,1,10,4,6,40,3,20,54.856
oetxlatd,0,1996,3,37,8,8,0,0,8,3,8,58,3,10,54.856
hsne0xl2,1,1950,11,44,2,7,4,2,8,4,6,20,3,10,57.804
yqg0driw,1,1965,12,84,6,4,1,2,8,3,3,7,7,0,57.804
8utigxd5,1,1980,6,62,5,5,2,0,0,1,10,34,10,10,45
97gymqtp,1,1962,7,94,6,2,1,2,4,5,2,2,2,10,51.072
b5jkbyw9,0,1980,10,66,1,2,2,2,7,2,10,20,3,20,57.804
02a7ai09,1,1991,7,77,6,4,4,2,10,4,5,32,8,20,54.856
1bl0o3dw,0,1971,7,95,2,5,2,2,10,4,5,1,10,0,69.088
d7cif9s6,0,1967,2,35,5,8,0,2,6,4,0,1,0,20,58.173
xkwqsyff,1,1986,0,69,5,2,4,2,7,3,8,40,10,8,57.804
7n24civa,0,1985,9,33,8,4,2,2,9,4,7,40,7,20,54.856
0rf1afk3,0,2003,7,94,3,8,2,1,7,2,6,1,8,0,56.977
iy94azjj,1,1962,12,13,0,6,0,0,2,2,10,30,7,4,57.804
0srukf5c,1,1983,0,69,5,4,2,2,8,4,2,1,10,0,56.977
ye5s8x0i,0,1968,7,75,9,8,-1,2,9,4,9,3,7,0,80.789
xglv04af,2,1999,7,75,6,8,-1,1,10,4,5,1,5,10,58.527
v2alw6lu,1,1978,7,75,4,4,1,2,10,5,6,1,1,0,33.234
ktxwzgty,1,1952,12,13,2,7,2,2,9,5,7,5,10,10,65.97
mhr91fz9,1,1947,12,06,2,7,3,2,9,5,3,32,4,10,63.186
36rp8b0v,1,1987,10,30,1,6,1,0,0,1,5,22,5,20,80.789
4a66y9ew,1,1998,12,06,3,8,-1,2,6,3,3,6,3,0,78.133
1ysusonc,0,1971,7,94,2,6,3,1,9,4,0,7,5,0,56.977
bibdf3zi,0,1972,10,31,3,1,-1,0,9,3,5,32,5,2,57.804
w3uvlkue,1,1953,9,33,8,7,4,2,9,4,5,32,7,20,45
unc3xlk2,1,2000,0,42,3,8,3,2,3,4,3,5,2,20,55.126
i4mdoa9d,0,1986,10,81,5,5,2,1,8,3,8,4,5,6,57.804
rkxmg2y5,0,1971,7,94,6,4,6,2,9,5,8,50,5,6,79.876
p7mbl0x2,1,1994,7,95,3,4,-1,2,8,5,7,3,6,8,61.518
xh0ch0ab,1,1959,0,63,2,7,1,2,9,5,3,10,2,0,57.804
o2v6lelm,0,1990,2,22,3,6,2,1,7,2,6,20,3,10,57.804
24yanhq2,1,1961,3,92,5,7,5,2,7,2,7,30,3,10,69.579
yb10qcjk,0,1963,3,37,6,4,3,2,10,2,3,13,8,20,54.856
4hb5u08i,1,1993,7,95,8,8,0,2,8,4,6,20,8,20,80.362
x98jqi8f,0,1985,12,0,5,2,-1,0,10,3,5,1,5,0,23.964
irzzi61n,1,1952,11,44,8,7,3,2,6,5,5,32,8,10,59.962
0scdq8xp,0,1965,0,69,2,5,3,2,10,4,2,26,8,20,57.804
gvdcldxe,0,1975,6,60,3,4,2,1,6,3,7,30,10,10,57.804
d5hzszn5,1,1997,7,75,5,8,0,2,7,5,9,5,8,10,53.639
2ar6x9lm,0,1980,11,85,3,1,2,2,8,4,1,4,5,0,58.207
hzh8l2ej,0,1982,7,95,6,5,4,2,9,4,1,46,8,12,57.804
8xtp0oml,1,1990,8,27,3,5,5,2,4,4,7,20,3,20,62.115
ooz2xjz7,0,1988,11,49,5,6,3,2,9,3,3,2,5,0,80.362
65m3mhmy,0,1975,6,59,5,5,2,2,10,5,3,50,7,10,66.173
k9t346vc,0,1949,3,45,3,7,2,2,9,4,5,40,5,10,60.68
6a5ad6rb,1,1960,9,33,7,2,1,2,7,5,9,36,2,10,54.856
gj2o69o8,1,1985,7,77,3,2,5,2,8,2,6,1,7,20,45
4sqgunzp,1,1953,10,11,2,7,2,2,10,5,7,45,10,20,78.69
xq4phawm,0,1965,7,78,2,5,-1,2,9,5,0,4,6,0,66.036
bnh4h28f,0,1953,12,83,3,7,-1,2,7,3,5,2,8,20,64.562
aquoauoy,0,1980,7,92,6,6,2,2,9,4,3,4,10,0,57.804
sn0j7v82,0,1953,6,59,3,7,-1,2,8,5,7,52,4,0,60.469
oa3rhxq9,0,1985,7,91,3,5,1,1,8,1,6,45,5,0,60.255
cu5d6nny,1,1976,11,44,5,5,1,2,9,5,6,42,4,20,54.856
gu65v7cd,1,1999,7,75,7,8,-1,2,8,4,4,23,5,10,49.269
jjy848mt,1,1977,7,93,1,6,2,2,8,4,7,10,1,20,60.68
b1kbj4ia,0,1988,6,59,2,6,1,1,0,3,4,17,8,0,64.893
d5mvrsct,1,1966,1,89,2,6,3,2,9,4,2,24,5,8,80.789
088b31ny,0,1953,6,59,6,7,3,2,9,4,5,20,4,0,58.815
zjwlc8w6,1,1966,9,33,2,8,0,0,8,1,0,2,10,0,56.977
qx2qgpc7,1,1998,9,33,3,4,1,1,6,3,4,16,8,0,54.856
0q9x7dgb,1,1952,1,71,9,7,4,2,7,4,5,23,5,14,54.856
l0dhf7ur,0,1963,0,15,0,5,3,2,9,5,3,50,8,10,45
ls7uwikz,0,1968,10,11,3,5,2,2,8,5,8,50,7,0,61.955
4gggtwi7,0,1962,11,44,2,4,2,2,8,4,5,10,7,20,44.785
xpk7h7hi,1,1943,9,33,5,7,6,2,8,4,6,20,7,10,75.227
iqen3bmt,0,1992,0,0,8,5,-1,2,9,3,7,30,4,10,54.856
xlsucnf0,1,1954,5,68,7,7,8,2,9,5,2,4,6,0,57.804
t6ff9zqt,0,1964,9,16,5,5,-1,2,9,4,2,40,9,4,57.804
dekb7dd3,1,1957,0,42,6,6,2,0,5,1,5,36,8,10,54.856
71kzhear,0,1979,7,78,8,4,3,2,9,3,5,10,8,10,45
dw8u1qdy,1,1959,2,29,2,6,3,2,7,3,7,52,6,0,57.804
srjm5022,0,1979,7,91,8,4,-1,2,9,4,6,32,4,20,57.804
s06mpr9a,1,1951,7,0,8,7,-1,2,8,3,6,10,4,0,33.234
xrw9skx4,0,1951,9,87,3,7,1,2,6,4,3,32,2,10,57.804
vlxdkysa,1,1972,8,76,1,6,2,2,7,4,5,32,8,0,80.362
sf9m3d7s,1,1957,7,78,2,7,4,0,8,4,7,32,4,10,54.856
ob2rpzc6,0,1999,7,75,6,4,2,2,8,5,8,38,7,20,51.789
515tv6ex,0,1979,10,11,3,5,3,2,9,4,3,2,6,0,54.856
mdl5slbb,1,1991,1,25,6,4,1,2,9,3,5,2,8,0,77.521
dxg939qt,0,1951,8,14,2,7,3,2,9,4,2,18,4,0,56.977
d805ynqf,1,1994,7,92,5,5,3,2,5,4,6,32,5,20,57.804
aqzkbltq,0,1960,9,40,2,7,1,2,8,4,0,3,8,18,43.493
j4dfoij4,0,1960,3,41,3,4,2,2,9,5,3,3,4,0,56.977
rm7gk2mb,1,1974,5,51,2,6,3,2,7,4,5,45,5,20,57.49
y9t5r3ru,1,1990,1,71,2,2,1,0,5,1,9,32,5,20,54.856
fqbv08nx,0,1995,10,31,6,4,1,0,8,2,6,5,10,0,66.036
dxdbtsoi,1,1954,6,02,1,7,2,2,7,5,3,2,1,0,30.529
9g8zeoci,1,1951,12,83,2,7,4,2,9,4,3,32,2,20,57.804
479wdalx,0,1946,7,93,6,7,1,2,10,5,5,1,10,20,61.442
dezavfk3,1,1988,12,83,8,5,3,2,8,4,7,3,4,0,60.255
baql9t4e,0,1984,2,35,8,6,1,2,9,4,7,9,8,10,57.804
a16yrrhq,0,1964,0,38,3,5,0,2,9,5,0,1,1,0,80.789
7e4aohba,0,1992,3,28,2,4,2,2,8,4,7,4,2,14,63.138
bbzv1m7a,0,1970,12,04,2,8,2,2,9,4,5,26,4,10,54.856
4g7djwn2,1,1968,5,67,2,6,11,2,6,3,5,11,8,0,80.789
gyuhncug,1,1952,5,55,3,7,2,2,9,4,5,52,9,16,57.804
pnc6g7yg,1,1986,5,54,6,4,3,2,9,4,7,27,9,14,54.497
tnqm2bue,0,1944,3,78,9,7,4,0,8,3,9,30,8,10,57.804
6o8cpmhs,1,1993,10,0,8,8,6,1,5,1,9,24,4,20,66.064
ysgtxfux,0,1982,6,62,8,4,5,2,10,5,2,40,5,20,57.804
l1z5974r,1,1977,0,74,3,6,1,2,5,2,6,40,10,20,67.48
4ydjopq5,0,2001,9,75,5,8,0,2,5,3,8,57,9,0,80.362
gczzomzx,1,1987,1,25,7,5,3,0,7,3,1,30,8,20,80.362
3oddy76t,0,1959,1,58,2,7,1,1,10,4,6,15,10,10,62.939
likq1nwh,1,1953,7,77,3,7,2,2,8,4,5,43,4,14,54.856
ioxecm5o,0,1985,0,38,8,4,-1,2,7,5,4,30,6,20,54.856
mesp7tah,1,1946,10,31,8,7,3,2,7,5,2,4,8,0,39.473
jozbgqog,0,1951,0,69,2,5,-1,2,5,4,3,26,1,20,66.249
cd8tm1r3,1,1953,7,75,1,7,5,2,10,5,4,60,5,10,55.417
9lc1b9xq,1,1972,2,56,3,8,0,2,9,4,6,60,5,8,54.856
ovw3fkbd,0,1993,0,69,8,4,2,1,10,3,5,30,7,10,58.935
9xmxd02t,0,1973,9,40,3,5,0,2,10,4,3,24,10,0,57.804
m1ae4lko,0,1981,9,17,5,4,2,0,7,4,6,32,8,14,57.804
uxsnwhtp,0,1966,2,29,7,4,3,2,10,5,5,20,7,0,57.804
ry4umbai,1,1986,9,47,0,6,2,2,8,5,7,1,9,0,56.977
fhghwt0m,0,1967,5,68,0,6,1,2,9,4,0,1,10,8,78.69
5wdwtjvt,0,1959,9,79,5,7,1,2,10,5,5,12,8,8,48.475
rguz6al2,0,1973,11,53,5,5,3,2,8,4,5,20,7,8,57.804
zr98rk76,0,1994,7,78,8,8,3,2,7,4,3,16,7,0,54.856
d1inba3p,0,1995,0,42,3,5,1,0,8,3,7,11,1,2,54.856
lmiww8u1,1,1998,7,93,6,8,1,2,8,3,5,32,10,10,57.804
qieuetiv,1,1949,11,44,8,7,6,2,7,4,7,3,8,2,45
sxvwk3za,0,1991,7,75,8,4,1,2,10,4,1,40,1,4,45
vru2kp60,0,1998,12,83,5,5,1,2,7,3,10,21,8,0,49.431
helzleg3,1,1972,9,40,5,4,2,1,5,2,7,20,7,10,54.856
t4xw8vgb,1,1950,0,26,9,7,11,0,10,2,5,32,10,0,57.804
lnbt2z51,1,1961,5,68,6,4,3,2,8,5,5,45,5,14,65.458
23tehgmq,1,1987,12,13,6,5,3,1,8,4,4,32,5,0,67.48
a8m96egn,2,1947,7,95,8,7,2,2,9,3,6,19,8,16,67.879
pw5hg2pa,0,1950,5,68,5,7,4,2,9,5,4,33,7,4,54.856
b2hkgrs3,0,1947,9,79,5,7,2,2,8,5,0,10,8,0,23.964
ssxxk8pt,0,1994,5,57,6,5,-1,2,4,4,7,30,9,10,57.804
f6kvj9en,0,1980,12,13,4,5,0,2,9,4,7,6,9,10,57.653
s6bzjoy0,1,1984,2,29,2,6,2,2,6,3,6,2,2,6,45
36791c2t,0,1999,7,75,8,8,0,2,8,4,6,18,6,20,51.91
83c8fiuf,0,1958,6,62,3,7,2,2,10,5,4,40,5,0,68.695
9112qgdt,0,1946,8,50,2,7,2,2,8,4,5,1,9,4,56.459
kr97unok,1,1938,12,13,8,7,9,2,8,4,2,13,5,2,80.362
ljgr5mxb,0,1973,7,77,3,8,2,2,8,3,6,1,7,2,58.899
7kt9n3kv,0,1971,11,44,7,4,3,2,10,5,2,16,5,16,54.856
g4gnyyik,1,1953,6,59,8,7,3,2,9,5,7,50,6,8,57.804
nweoym2n,0,1953,3,28,3,7,4,2,9,5,5,2,2,20,60.255
49ynubu3,0,1952,12,84,7,7,2,2,6,4,3,50,7,10,54.856
1az6xodi,0,1957,9,17,0,7,1,2,8,5,3,46,4,0,72.442
641e08o7,0,1998,10,81,3,6,1,0,8,3,7,20,8,10,54.856
vjt8hy1a,0,1997,6,60,6,4,1,2,9,2,5,14,2,8,45
cl8fhn90,1,1997,10,31,3,6,3,0,0,4,10,13,5,18,23.964
zk0agq8c,1,1963,2,29,5,8,1,2,8,5,6,5,1,0,57.804
75w35csa,0,1984,7,78,3,5,10,2,9,4,7,14,3,20,54.856
pfn69clc,0,1981,10,11,8,4,0,2,10,5,8,50,5,20,57.804
mbbdkk7z,0,1957,7,78,6,5,2,2,9,4,3,32,5,20,57.804
9rsjtr69,0,1964,10,48,8,4,3,2,10,5,5,33,4,20,54.856
2v868sma,0,1961,9,33,0,5,1,2,10,3,10,1,10,20,78.951
hjjootpa,1,1950,7,91,8,7,6,2,9,4,5,1,7,10,62.115
rf6s5aup,0,1995,6,59,5,4,1,2,9,4,3,32,7,18,54.856
jyul4i9a,0,1961,12,13,8,5,4,2,8,4,2,32,5,10,54.856
f8aaet3y,1,1963,7,91,8,4,5,2,8,4,6,39,6,12,57.804
i1eqrg0c,0,1997,3,37,6,8,1,2,8,4,2,30,9,0,58.283
p9tuluir,0,1950,11,49,9,7,5,2,9,4,4,21,5,8,45
f8mmkcfd,0,2000,10,81,6,8,10,1,7,4,7,31,5,10,66.036
12eiwhvd,1,1995,7,75,8,8,1,2,8,5,8,18,9,8,65.397
igx9ssjd,1,1999,5,67,7,8,0,2,8,4,5,40,7,20,57.804
xucmd5va,1,1991,11,44,8,8,0,0,8,4,5,17,7,6,56.387
fe3a1bac,1,1995,12,13,8,8,3,2,7,2,3,20,3,20,68.249
p1xigi4k,0,1993,5,57,3,5,1,2,10,5,7,32,8,20,49.072
asz7z0t9,0,1999,9,86,6,8,2,2,9,4,7,30,8,6,54.856
sumvpswx,0,1967,8,50,2,8,1,2,10,3,5,6,7,0,54.627
w2ukmi2q,0,1978,10,11,2,8,0,2,10,4,1,13,9,0,54.856
i5katik9,0,1982,10,30,4,4,3,0,8,4,6,30,3,10,57.804
ppnfa8dd,1,1998,5,52,3,6,2,2,5,3,4,32,0,10,54.856
o38unj6b,0,1999,6,59,6,8,1,2,8,4,10,13,8,20,62.535
1w83ys14,0,1966,2,29,2,5,2,2,10,5,1,27,8,0,56.977
vqo0dns7,0,1968,3,28,2,8,2,2,8,4,2,5,7,0,54.856
w6t24wsv,0,1983,11,44,6,4,0,0,6,2,4,16,2,8,57.804
0dws6m6c,0,1960,9,19,5,4,2,2,8,5,5,30,5,10,60.68
yzuhxa3b,1,1996,8,27,6,6,11,2,7,5,5,1,7,0,34.874
qqhp4c6n,0,1955,0,15,3,7,2,2,9,3,5,20,4,20,54.856
by6kv19r,0,1950,0,73,1,7,1,0,9,4,7,40,7,20,57.804
scdprwkp,0,1954,0,03,6,7,1,2,10,4,1,10,7,6,53.075
4py5rouj,0,1947,7,78,7,7,5,2,10,4,5,32,7,6,54.856
8rb6uhx0,0,1967,1,71,2,7,3,0,3,2,5,30,7,4,60.255
p7s1cg2a,1,1994,0,15,6,4,3,2,10,4,1,18,9,0,54.856
5vuxm7tw,1,1986,2,29,3,4,4,2,5,5,3,4,0,0,70.454
gemg0v4f,0,1990,1,71,1,6,0,2,8,2,5,4,5,0,55.126
bch0nzu8,1,1959,5,57,2,5,7,2,8,5,5,15,9,0,76.67
cg02jcxq,1,1997,5,68,6,6,2,2,7,3,4,30,7,10,54.856
bimn7w8c,1,2000,10,31,2,6,1,2,0,4,7,10,7,20,56.977
rr073bty,1,1980,0,38,3,5,1,2,8,1,2,21,9,20,45
ipw49doh,0,1999,12,83,6,5,3,2,10,4,3,32,7,10,54.856
xplhx3bn,1,1944,7,75,8,7,4,2,2,3,0,20,10,0,57.804
ah7dbq6v,0,2001,7,95,5,8,1,1,8,3,5,48,10,0,57.804
4hgu2nrk,1,1989,7,91,7,4,2,2,8,4,8,32,3,20,43.975
m1lg2bu3,1,1965,0,42,8,5,3,1,7,4,7,32,8,0,57.804
55y685mk,0,1982,11,72,5,1,2,2,10,5,6,8,8,0,63.802
ocn8ymuu,0,1994,1,21,3,6,3,2,8,3,7,5,1,10,45
2lsdhqrh,1,1975,0,63,5,4,3,2,7,2,6,32,2,20,54.856
0v80i80p,0,1990,10,30,7,8,2,0,6,4,4,6,8,20,57.804
39sngxet,0,1980,9,79,3,8,2,2,4,4,7,29,2,0,45
5nsftp8i,1,1999,7,91,8,8,4,2,9,5,2,13,9,20,57.078
j98yiuax,0,1991,7,75,7,4,4,2,10,4,0,29,5,10,57.804
xcs4esz6,0,1985,6,59,3,8,0,2,8,2,1,2,2,0,80.789
hn8lze3j,1,1995,7,75,8,5,2,2,10,3,5,8,7,0,56.977
x7qvlm45,0,1962,7,78,6,8,5,2,10,4,5,23,5,10,62.296
ogwkwcjx,0,1961,5,55,3,5,-1,1,9,4,7,60,7,0,56.977
hskk81hw,1,1966,3,18,3,4,0,0,6,4,8,28,9,6,56.977
w8419yrj,0,1996,7,75,6,8,2,2,5,4,7,40,6,18,80.362
9xavqhpx,1,1964,0,63,2,6,1,1,9,4,5,41,8,12,56.831
q20vgx25,1,1978,12,06,5,5,2,2,7,4,7,28,7,20,54.856
8dy2qkxf,0,1982,0,63,4,6,2,2,5,3,6,40,9,20,54.856
ch7798fn,1,1972,10,34,5,5,-1,2,8,5,7,8,9,20,57.804
djipu6y9,0,1987,5,67,3,5,1,2,10,5,2,2,5,0,60.803
66588fnc,0,1978,12,13,2,5,1,2,10,5,10,32,7,2,74.395
h3pdv6xb,1,1958,4,2B,5,5,1,2,7,4,5,60,5,10,57.804
8v50f6zd,1,1969,3,37,2,8,0,2,4,4,2,43,5,0,80.362
1lucpa2f,0,1966,0,26,8,1,0,0,10,3,8,50,10,10,54.856
kdevxw0o,0,1989,7,75,2,8,0,1,7,3,7,3,5,0,61.485
i6nvytgj,1,1972,6,59,3,5,1,1,7,2,5,32,5,10,53.604
yfj45vpk,1,2000,7,92,8,8,10,1,8,5,6,63,3,20,80.362
l9zeqw6y,1,1956,3,45,3,7,3,2,9,4,6,40,8,2,54.856
7cekgj2z,0,1966,7,92,6,3,0,2,8,4,3,60,6,20,54.856
qkejw2ph,1,1967,0,03,2,8,0,2,10,5,7,2,1,0,80.789
cl7ce0qy,0,1957,1,89,3,7,2,1,10,4,0,4,5,4,44.118
gko50k19,1,1950,12,83,8,7,6,2,7,5,5,48,2,10,57.804
yqyxtm0o,1,1951,6,62,5,7,-1,2,8,4,8,8,8,20,56.766
c4yg8wqr,1,1941,12,06,2,7,1,2,9,5,0,3,2,0,56.977
0h71plqi,0,1995,10,34,8,3,3,0,2,2,5,52,2,20,80.362
rnwisiuz,1,1974,11,44,5,3,4,2,9,3,5,45,5,10,54.856
wb45q5sr,0,1988,11,72,3,6,2,0,2,1,10,58,5,20,60.469
czsx0w2a,0,1986,0,69,6,4,4,1,9,4,2,20,8,0,45
qq9nzpyr,1,1995,2,29,8,3,3,2,7,4,1,1,5,0,54.856
u2o0t7yw,0,1978,12,06,7,4,-1,2,9,4,7,9,5,16,61.252
mcwue92m,1,1982,7,78,7,3,10,2,8,5,2,32,2,20,75.379
xn9kom55,1,1969,7,75,8,3,3,2,8,5,2,2,4,2,44.041
0fz9yyki,1,1996,6,80,8,4,1,0,6,4,6,32,4,6,45
hrrmo77b,1,1972,9,64,8,3,8,2,9,4,5,16,8,10,54.856
9t6ejlwy,0,1965,0,69,5,2,6,2,7,4,2,12,9,0,34.874
9gcgh7ti,1,1968,7,92,8,3,10,2,8,4,4,11,7,10,56.977
z4l9x29w,1,1967,7,77,8,3,6,2,10,4,6,33,8,10,57.804
d4hifbf1,1,1961,7,91,8,3,7,2,7,3,5,32,5,20,45
4mr4l9p7,1,1982,9,19,8,3,1,0,7,5,4,16,6,8,62.999
dq5vl5ud,0,1993,9,64,7,5,3,2,8,1,4,46,3,10,81.469
q7hk7b99,1,1966,7,75,8,3,11,2,10,5,4,48,2,20,57.804
ia0245d8,1,1988,6,62,5,3,4,2,8,4,6,32,6,10,57.804
xr0eiv7j,1,1975,6,80,8,3,4,2,10,4,5,4,8,0,56.977
vnjzeuzb,1,1955,7,75,7,3,4,2,8,3,4,31,8,14,54.856
4vbrg97n,1,1998,11,72,7,8,1,2,8,2,7,10,2,0,56.977
wl8j1twu,1,1961,6,59,9,3,4,2,9,5,7,40,4,0,55.126
i389460s,0,1972,0,69,9,3,5,2,7,5,5,64,2,20,45
y5iyv23w,1,1980,7,78,3,4,4,1,6,5,10,20,8,12,53.499
t4osbzu9,0,1963,5,88,3,5,2,1,3,1,5,48,8,20,54.856
f8jrvnbw,0,1963,10,12,3,6,1,0,5,4,1,30,10,6,80.789
jxlg9mnz,0,1962,11,85,3,7,3,2,10,5,2,31,9,8,57.804
zfp5qp9i,0,1961,3,37,8,3,3,2,5,4,6,24,5,14,45
scr01nz1,1,1988,7,78,3,6,3,0,4,2,6,36,8,14,66.036
e5qmx3ba,1,1982,7,91,9,3,11,2,6,2,4,32,3,0,57.804
v3x32y45,1,1989,3,37,0,1,0,0,7,5,7,1,5,0,45
vbdf1k4s,0,1988,10,81,8,8,4,2,10,4,3,32,4,20,54.856
kaq2omy9,0,1989,5,67,3,5,2,2,5,5,5,32,6,10,54.856
u3g1m6ry,0,1944,1,21,5,7,11,2,10,5,2,6,8,20,82.349
x11j7tyy,1,1948,11,72,7,7,3,2,9,5,1,26,7,10,67.804
ualw4ud4,1,1964,3,41,5,2,6,2,10,4,4,34,8,10,64.089
m7zq6d3v,1,1947,3,36,2,7,-1,2,7,5,3,32,5,10,45
vurqrmpu,0,1997,1,25,6,5,4,1,9,4,5,7,6,10,65.225
v0amvx01,0,1976,7,95,1,3,1,2,8,4,0,32,10,0,80.362
5ikbywgg,1,1948,3,41,9,7,4,2,7,5,2,8,8,8,60.815
et9anv9m,1,1954,1,58,8,7,3,2,9,4,5,4,5,0,54.856
7jqc6j5s,0,1971,8,76,9,3,4,2,8,4,5,32,6,20,54.856
p2neyeo7,1,1980,2,35,0,8,3,2,8,4,7,10,3,10,62.736
wcdtv4o8,1,1992,9,64,8,3,1,2,10,4,6,25,5,10,57.804
v9kcmrns,0,1969,8,50,6,4,1,2,8,4,3,20,8,4,57.804
lnvr5bdv,1,1995,0,74,8,3,4,2,8,4,7,4,6,10,34.874
hhervb29,0,1944,12,13,6,7,2,2,8,4,0,44,2,0,56.766
j1mu52lj,1,1969,7,92,7,3,10,2,8,3,7,32,4,10,56.766
ruia6yxj,0,1987,9,64,3,6,3,2,9,4,4,20,4,4,58.207
bfmpval6,1,1946,12,13,6,7,8,2,7,5,7,20,3,10,80.685
zgshx06w,0,1969,6,59,2,6,1,2,10,3,7,36,10,4,57.804
8u1o0xcl,1,1971,7,75,4,4,4,1,10,5,10,5,10,10,65.725
bna1fo3l,1,1966,10,81,3,3,3,2,7,4,7,44,4,12,54.856
vcgsatq0,0,1992,5,51,8,3,3,2,9,4,3,19,9,20,54.856
hgpqres3,1,1954,8,50,9,7,6,2,7,2,3,21,3,8,61.253
zsl2o18e,0,1978,5,88,6,4,4,2,10,4,5,30,8,20,66.036
ct0bz74b,1,1977,11,72,9,3,4,2,7,4,6,15,6,0,33.234
7aws8aie,0,1951,7,75,9,7,7,2,8,4,4,38,6,12,66.833
pf64qjag,1,1966,0,63,3,3,4,2,8,3,6,34,3,20,66.036
ooflr59r,0,1965,10,66,3,5,2,2,8,5,7,64,5,0,57.804
muhmxz9d,1,1953,10,29,3,7,5,2,6,5,1,50,1,0,80.362
7n3v060z,0,1968,12,13,8,3,3,2,9,4,6,40,8,18,66.064
15k75uee,1,1957,8,76,5,7,2,2,9,5,5,52,7,10,51.789
w7a26r22,0,1959,11,44,2,7,3,2,9,3,0,64,5,4,57.804
k3s9bpjb,0,1961,10,11,9,3,0,2,8,3,8,50,5,10,57.804
c339cpk6,1,1990,7,95,6,3,2,2,7,4,7,40,4,20,57.804
4l5vfbqe,0,1971,9,33,8,3,1,2,10,3,3,40,7,10,45
40wnlb4i,1,1958,6,59,8,7,4,2,9,4,5,6,9,10,75.964
ttjl5cpx,0,1969,5,54,9,3,4,2,10,5,7,12,2,6,54.856
o44u76ak,0,1968,12,83,5,5,-1,2,5,4,4,40,4,0,57.804
t6ind5de,0,1969,7,94,8,3,8,2,9,5,0,16,7,20,76.023
7br5ryhv,1,1969,6,80,8,3,4,2,9,5,3,32,4,10,50.567
r8mlq6wd,0,1980,10,31,8,4,5,2,7,4,2,35,5,6,54.856
9p9z2ceq,1,1974,10,31,5,5,2,2,8,4,5,37,8,12,57.193
t6q0hukh,1,1998,7,78,8,3,1,0,9,4,3,7,10,0,80.362
m4fxoi39,1,1995,3,45,6,3,2,2,8,4,8,31,6,20,54.856
uaq05wfo,1,1983,8,76,8,3,3,2,9,4,3,32,7,20,54.856
gkr3ddsq,0,1963,10,66,8,3,-1,2,10,4,0,18,7,0,57.804
9sa53hsy,1,1957,8,27,3,7,1,2,9,3,8,20,7,6,67.344
yzrhnbo2,0,1961,0,69,2,5,2,2,9,5,3,10,8,0,76.436
9hs9if95,0,1956,5,51,2,7,3,1,9,5,5,21,5,20,56.056
88lgumww,1,1955,5,51,8,7,7,2,10,5,5,22,10,0,54.856
4uchcjm9,0,1961,10,09,6,4,1,0,10,5,5,13,5,20,58.681
bzf5d1kh,1,1960,7,92,1,2,3,2,5,4,8,60,8,20,54.856
cocp0c8r,1,1953,0,73,5,7,4,2,10,2,8,40,8,20,82.349
hmm6bzzd,1,1954,1,71,5,7,2,2,7,4,0,1,8,0,66.249
a18axtpu,1,1972,6,62,6,4,3,2,8,4,2,1,6,0,62.115
yvw1fmpx,1,1992,8,76,8,3,3,2,7,3,7,39,2,0,75.379
vs3ouao7,1,1947,9,23,3,7,2,2,8,3,7,51,3,8,80.362
wx1b7x7u,1,1964,6,62,5,3,7,2,8,5,7,32,8,0,80.362
8r1f3mhy,1,1980,12,13,5,4,2,2,5,4,6,10,6,10,57.804
ajmps1xz,1,1968,12,04,4,4,2,0,5,4,10,29,4,20,78.614
ljgrjdsd,1,1997,5,67,3,5,-1,0,9,4,10,20,10,0,57.804
4gowb95d,0,1971,0,38,6,8,1,2,9,4,1,30,5,10,57.804
